name,lat,lon,SB1804,SV1804,SB1805,SV1805,SB1806,SV1806,SB1807,SV1807,SB1808,SV1808,SB1809,SV1809,SB1810,SV1810,SB1811,SV1811,SB1812,SV1812,SB1813,SV1813,SB1814,SV1814,SB1815,SV1815,SB1816,SV1816,SB1817,SV1817,SB1818,SV1818,SB1819,SV1819,SB1820,SV1820,SB1821,SV1821,SB1822,SV1822,SB1823,SV1823,SB1824,SV1824,SB1825,SV1825,SB1826,SV1826,SB1827,SV1827,SB1828,SV1828,SB1829,SV1829,SB1830,SV1830,SB1831,SV1831,SB1832,SV1832,SB1833,SV1833,SB1834,SV1834,SB1835,SV1835,SB1836,SV1836,SB1837,SV1837,SB1838,SV1838,SB1839,SV1839,SB1840,SV1840,SB1841,SV1841,SB1842,SV1842,SB1843,SV1843,SB1844,SV1844,SB1845,SV1845,SB1846,SV1846,SB1847,SV1847,SB1848,SV1848,SB1849,SV1849,SB1850,SV1850,SB1851,SV1851,SB1852,SV1852,SB1853,SV1853,SB1854,SV1854,SB1855,SV1855,SB1856,SV1856,SB1857,SV1857,SB1858,SV1858,SB1859,SV1859,SB1860,SV1860,SB1861,SV1861,SB1862,SV1862,SB1863,SV1863,SB1864,SV1864,SB1865,SV1865,SB1866,SV1866,SB1867,SV1867,SB1868,SV1868,SB1869,SV1869,SB1870,SV1870,SB1871,SV1871,SB1872,SV1872,SB1873,SV1873,SB1874,SV1874,SB1875,SV1875,SB1876,SV1876,WB1804,WV1804,WB1805,WV1805,WB1806,WV1806,WB1807,WV1807,WB1808,WV1808,WB1809,WV1809,WB1810,WV1810,WB1811,WV1811,WB1812,WV1812,WB1813,WV1813,WB1814,WV1814,WB1815,WV1815,WB1816,WV1816,WB1817,WV1817,WB1818,WV1818,WB1819,WV1819,WB1820,WV1820,WB1821,WV1821,WB1822,WV1822,WB1823,WV1823,WB1824,WV1824,WB1825,WV1825,WB1826,WV1826,WB1827,WV1827,WB1828,WV1828,WB1829,WV1829,WB1830,WV1830,WB1831,WV1831,WB1832,WV1832,WB1833,WV1833,WB1834,WV1834,WB1835,WV1835,WB1836,WV1836,WB1837,WV1837,WB1838,WV1838,WB1839,WV1839,WB1840,WV1840,WB1841,WV1841,WB1842,WV1842,WB1843,WV1843,WB1844,WV1844,WB1845,WV1845,WB1846,WV1846,WB1847,WV1847,WB1848,WV1848,WB1849,WV1849,WB1850,WV1850,WB1851,WV1851,WB1852,WV1852,WB1853,WV1853,WB1854,WV1854,WB1855,WV1855,WB1856,WV1856,WB1857,WV1857,WB1858,WV1858,WB1859,WV1859,WB1860,WV1860,WB1861,WV1861,WB1862,WV1862,WB1863,WV1863,WB1864,WV1864,WB1865,WV1865,WB1866,WV1866,WB1867,WV1867,WB1868,WV1868,WB1869,WV1869,WB1870,WV1870,WB1871,WV1871,WB1872,WV1872,WB1873,WV1873,WB1874,WV1874,WB1875,WV1875,WB1876,WV1876,BP1804,BV1804,BP1805,BV1805,BP1806,BV1806,BP1807,BV1807,BP1808,BV1808,BP1809,BV1809,BP1810,BV1810,BP1811,BV1811,BP1812,BV1812,BP1813,BV1813,BP1814,BV1814,BP1815,BV1815,BP1816,BV1816,BP1817,BV1817,BP1818,BV1818,BP1819,BV1819,BP1820,BV1820,BP1821,BV1821,BP1822,BV1822,BP1823,BV1823,BP1824,BV1824,BP1825,BV1825,BP1826,BV1826,BP1827,BV1827,BP1828,BV1828,BP1829,BV1829,BP1830,BV1830,BP1831,BV1831,BP1832,BV1832,BP1833,BV1833,BP1834,BV1834,BP1835,BV1835,BP1836,BV1836,BP1837,BV1837,BP1838,BV1838,BP1839,BV1839,BP1840,BV1840,BP1841,BV1841,BP1842,BV1842,BP1843,BV1843,BP1844,BV1844,BP1845,BV1845,BP1846,BV1846,BP1847,BV1847,BP1848,BV1848,BP1849,BV1849,BP1850,BV1850,BP1851,BV1851,BP1852,BV1852,BP1853,BV1853,BP1854,BV1854,BP1855,BV1855,BP1856,BV1856,BP1857,BV1857,BP1858,BV1858,BP1859,BV1859,BP1860,BV1860,BP1861,BV1861,BP1862,BV1862,BP1863,BV1863,BP1864,BV1864,BP1865,BV1865,BP1866,BV1866,BP1867,BV1867,BP1868,BV1868,BP1869,BV1869,BP1870,BV1870,BP1871,BV1871,BP1872,BV1872,BP1873,BV1873,BP1874,BV1874,BP1875,BV1875,BP1876,BV1876,sperm_total,whale_total,bone_total
"Beverly, MA",42.5681,-70.8627,0,0,0,0,0,0,0,0,0,0,0,0,0,0,0,0,0,0,0,0,0,0,0,0,0,0,0,0,0,0,0,0,0,0,0,0,0,0,0,0,0,0,0,0,0,0,0,0,0,0,0,0,0,0,0,0,0,0,0,0,0,0,0,0,0,0,0,0,0,0,0,0,0,0,0,0,0,0,0,0,0,0,0,0,0,0,0,0,0,0,0,0,650,870126.53,500,670645.675,920,1200047.31,550,723216.9175,1063,1543234.118,356,593691.766,182,287758.38,418,504837.7078,0,0,630,837758.1042,370,510975.1046,83,106523.4988,238,298426.3456,312,357753.6616,0,0,421,543846.267,448,684180.7636,20,28484.71667,250,316218,0,0,100,94768.31553,0,0,299,317899.7381,0,0,0,0,0,0,0,0,0,0,0,0,0,0,0,0,0,0,0,0,0,0,0,0,0,0,0,0,0,0,0,0,0,0,0,0,0,0,0,0,0,0,0,0,0,0,0,0,0,0,0,0,0,0,0,0,0,0,0,0,0,0,0,0,0,0,0,0,0,0,0,0,0,0,0,0,0,0,0,0,0,0,0,0,0,0,0,0,0,0,0,0,0,0,0,0,0,0,0,0,0,0,0,0,2,1438.7919,50,30655.75401,8,4655.431667,0,0,373,289412.6686,30,20681.22188,0,0,1285,608256.0588,120,57973.3,70,30401.82315,40,20845.79327,0,0,0,0,206,171112.8924,124,89858.615,170,78566.36983,4,2160.823,0,0,0,0,0,0,0,0,0,0,0,0,0,0,0,0,0,0,0,0,0,0,0,0,0,0,0,0,0,0,0,0,0,0,0,0,0,0,0,0,0,0,0,0,0,0,0,0,0,0,0,0,0,0,0,0,0,0,0,0,0,0,0,0,0,0,0,0,0,0,0,0,0,0,0,0,0,0,0,0,0,0,0,0,0,0,0,0,0,0,0,0,0,0,0,0,0,0,0,0,0,0,0,0,0,0,0,0,0,0,0,0,0,0,0,0,0,0,0,0,0,0,0,0,0,0,8500,208581.1852,0,0,0,0,0,0,0,0,0,0,0,0,0,0,0,0,0,0,0,0,0,0,0,0,0,0,0,0,0,0,0,0,0,0,7810,2482,8500
"Boston, MA",42.367331,-71.051724,0,0,0,0,0,0,0,0,0,0,0,0,0,0,0,0,0,0,0,0,0,0,0,0,0,0,0,0,0,0,0,0,0,0,0,0,420,179848.9875,1320,415475.3167,4560,1656790.673,2000,1092812.206,0,0,0,0,0,0,0,0,0,0,0,0,0,0,320,247158.8966,600,382096.75,0,0,0,0,0,0,0,0,0,0,0,0,600,479427.2903,1000,663330.8621,1340,794497.725,300,255868.3594,240,198765.6,555,475992.2684,120,113782.0125,0,0,90,103284.7043,560,749647.472,300,402387.405,427,556978.4798,255,335309.6618,291,422465.784,0,0,0,0,0,0,74,90750.51192,0,0,0,0,0,0,885,1109694.604,155,177730.1845,209,222056.2411,605,781536.797,203,310019.4085,1067,1519659.634,480,607138.56,2198,2625685.464,1207,1143853.568,513,491916.6263,2603,2767535.178,45,48585.57813,1392,1715389.645,1375,1762256.563,1550,1793343.098,0,0,0,0,0,0,0,0,0,0,0,0,0,0,0,0,0,0,0,0,0,0,0,0,0,0,0,0,800,229143.4783,1150,230575.625,2250,494090.625,0,0,2200,463786.4,1905,446218.7333,0,0,0,0,0,0,0,0,0,0,0,0,0,0,0,0,1550,319951.1292,2,472.5096552,1800,434799.75,0,0,0,0,0,0,0,0,0,0,0,0,1000,272015.4839,100,30894.86207,150,47997.375,0,0,70,21739.9875,20,6587.875,8,2710.44,0,0,0,0,0,0,0,0,0,0,160,98098.41283,4,2327.715833,0,0,0,0,0,0,195,106723.575,0,0,0,0,0,0,0,0,5,3391.865372,442,317204.7796,470,390403.2011,18,13043.9925,245,113228.0036,28,15125.761,208,139425.7865,326,152595.9888,155,72613.02222,1556,746025.6047,150,68349.20313,21,9846.935515,30,15631.23068,0,0,0,0,0,0,0,0,0,0,0,0,0,0,0,0,0,0,0,0,0,0,0,0,0,0,0,0,0,0,0,0,0,0,0,0,0,0,0,0,0,0,0,0,0,0,0,0,0,0,0,0,0,0,0,0,0,0,1300,4241.336667,0,0,18000,94865.4,0,0,0,0,0,0,0,0,0,0,0,0,0,0,0,0,560,5420.88,0,0,0,0,0,0,0,0,0,0,0,0,0,0,0,0,0,0,0,0,0,0,0,0,0,0,0,0,1500,40070.20673,0,0,0,0,0,0,0,0,0,0,0,0,1100,30905.8903,0,0,0,0,0,0,0,0,0,0,0,0,0,0,0,0,0,0,0,0,0,0,29859,17018,22460
"Bridgeport, CT",41.1909,-73.1958,0,0,0,0,0,0,0,0,0,0,0,0,0,0,0,0,0,0,0,0,0,0,0,0,0,0,0,0,0,0,0,0,0,0,0,0,0,0,0,0,0,0,0,0,0,0,0,0,0,0,0,0,0,0,0,0,0,0,0,0,0,0,0,0,0,0,250,159852.8493,150,106229.4844,0,0,590,518246.1667,300,239713.6452,250,165832.7155,800,474327,360,307042.0313,0,0,405,347345.7094,400,379273.375,0,0,600,688564.695,0,0,0,0,0,0,0,0,0,0,0,0,0,0,0,0,0,0,0,0,0,0,0,0,0,0,0,0,0,0,0,0,0,0,0,0,0,0,0,0,0,0,0,0,0,0,0,0,0,0,0,0,0,0,0,0,0,0,0,0,0,0,0,0,0,0,0,0,0,0,0,0,0,0,0,0,0,0,0,0,0,0,0,0,0,0,0,0,0,0,0,0,0,0,0,0,0,0,0,0,0,0,0,0,0,0,0,0,0,0,0,0,0,0,0,0,800,265215.0968,1800,632436,3800,1030808.676,1900,500678.5,3250,963476.7188,2910,766828.65,3700,1006457.29,3450,1065872.741,2100,671963.25,5340,1838517.992,0,0,19560,6442941.75,1400,474327,0,0,7500,3155618.477,0,0,0,0,0,0,0,0,0,0,0,0,0,0,0,0,0,0,0,0,0,0,0,0,0,0,0,0,0,0,0,0,0,0,0,0,0,0,0,0,0,0,0,0,0,0,0,0,0,0,0,0,0,0,0,0,0,0,0,0,0,0,0,0,0,0,0,0,0,0,0,0,0,0,0,0,0,0,0,0,0,0,0,0,0,0,0,0,0,0,0,0,0,0,0,0,0,0,0,0,0,0,0,0,0,0,0,0,0,0,0,0,0,0,0,0,0,0,0,0,0,0,0,0,0,0,0,0,0,0,10000,59712.75862,16800,162626.4,48000,516274.2857,0,0,60000,568857.7778,5000,41678.39286,0,0,46200,304359.825,0,0,0,0,0,0,0,0,0,0,0,0,0,0,0,0,0,0,0,0,0,0,0,0,0,0,0,0,0,0,0,0,0,0,0,0,0,0,0,0,0,0,0,0,0,0,0,0,0,0,0,0,0,0,4105,57510,186000
"Bristol, RI",41.669836,-71.277006,0,0,0,0,0,0,0,0,0,0,0,0,0,0,0,0,0,0,0,0,0,0,0,0,0,0,0,0,0,0,0,0,0,0,0,0,0,0,0,0,0,0,0,0,0,0,0,0,0,0,0,0,2292,1236264.153,2800,1637086.938,0,0,2500,1930928.879,3600,2292580.5,8300,5926537.355,3350,2380818.098,4803,3071092.94,2670,1890884.822,4540,3925550.016,2585,2270620.917,3380,2700773.735,702,465658.2652,620,367603.425,1500,1279341.797,1000,828190,1620,1389382.838,272,257905.895,700,709463.4615,0,0,0,0,0,0,0,0,0,0,0,0,0,0,0,0,0,0,0,0,0,0,0,0,0,0,0,0,0,0,0,0,0,0,0,0,0,0,0,0,0,0,0,0,0,0,0,0,0,0,0,0,0,0,0,0,0,0,0,0,0,0,0,0,0,0,0,0,0,0,0,0,0,0,0,0,0,0,0,0,0,0,0,0,0,0,0,0,0,0,0,0,0,0,0,0,0,0,0,0,0,0,0,0,0,0,2100,449622.4688,1800,578086.0313,3400,839954.0625,2950,608939.2458,4500,1063146.724,0,0,240,79564.52903,2350,825680.3333,3140,851773.4853,9780,2577176.7,6500,1926953.438,1240,326758.6,170,46242.63226,2427,749818.3024,0,0,1400,482008.4623,0,0,6100,2009301.875,130,44044.65,100,33446.13462,0,0,0,0,0,0,0,0,0,0,0,0,0,0,0,0,0,0,0,0,0,0,0,0,0,0,0,0,0,0,0,0,0,0,0,0,0,0,0,0,0,0,0,0,0,0,0,0,0,0,0,0,0,0,0,0,0,0,0,0,0,0,0,0,0,0,0,0,0,0,0,0,0,0,0,0,0,0,0,0,0,0,0,0,0,0,0,0,0,0,0,0,0,0,0,0,0,0,0,0,0,0,0,0,0,0,700,4117.421875,0,0,0,0,15800,51548.55333,10000,33750.68966,0,0,0,0,0,0,0,0,0,0,0,0,0,0,0,0,22000,131368.069,0,0,14000,150580,0,0,28000,265466.963,0,0,0,0,0,0,0,0,0,0,0,0,0,0,0,0,0,0,0,0,0,0,0,0,0,0,0,0,0,0,0,0,0,0,0,0,0,0,0,0,0,0,0,0,0,0,0,0,0,0,0,0,0,0,0,0,0,0,0,0,47234,48327,90500
"Bucksport, ME",44.571932,-68.790316,0,0,0,0,0,0,0,0,0,0,0,0,0,0,0,0,0,0,0,0,0,0,0,0,0,0,0,0,0,0,0,0,0,0,0,0,0,0,0,0,0,0,0,0,0,0,0,0,0,0,0,0,0,0,0,0,0,0,0,0,0,0,0,0,0,0,0,0,0,0,0,0,0,0,0,0,110,72966.39483,0,0,0,0,0,0,0,0,0,0,0,0,0,0,0,0,0,0,0,0,0,0,0,0,0,0,0,0,0,0,0,0,0,0,0,0,0,0,0,0,0,0,0,0,0,0,0,0,0,0,0,0,0,0,0,0,0,0,0,0,0,0,0,0,0,0,0,0,0,0,0,0,0,0,0,0,0,0,0,0,0,0,0,0,0,0,0,0,0,0,0,0,0,0,0,0,0,0,0,0,0,0,0,0,0,0,0,0,0,0,0,0,0,0,0,0,0,0,0,0,0,0,0,0,0,0,0,0,0,0,0,0,0,0,0,0,0,0,0,0,0,0,0,0,0,0,0,0,0,0,0,0,0,0,0,0,0,0,0,0,0,0,0,0,0,0,0,0,0,0,0,0,0,0,0,0,0,0,0,0,0,0,0,0,0,0,0,0,0,0,0,0,0,0,0,0,0,0,0,0,0,0,0,0,0,0,0,0,0,0,0,0,0,0,0,0,0,0,0,0,0,0,0,0,0,0,0,0,0,0,0,0,0,0,0,0,0,0,0,0,0,0,0,0,0,0,0,0,0,0,0,0,0,0,0,0,0,0,0,0,0,0,0,0,0,0,0,0,0,0,0,0,0,0,0,0,0,0,0,0,0,0,0,0,0,0,0,0,0,0,0,0,0,0,0,0,0,0,0,0,0,0,0,0,0,0,0,0,0,0,0,0,0,0,0,0,0,0,0,0,0,0,0,0,0,0,0,0,0,0,0,0,0,0,0,0,0,0,0,0,0,0,0,0,0,0,0,0,0,0,0,0,0,0,0,0,0,0,0,0,110,0,0
"Chilmark, MA",41.342673,-70.743866,0,0,0,0,0,0,0,0,0,0,0,0,0,0,0,0,0,0,0,0,0,0,0,0,0,0,0,0,0,0,0,0,0,0,0,0,0,0,0,0,0,0,0,0,0,0,0,0,0,0,0,0,0,0,0,0,0,0,0,0,0,0,0,0,0,0,0,0,0,0,0,0,0,0,0,0,0,0,0,0,0,0,0,0,0,0,0,0,0,0,60,68856.4695,0,0,0,0,0,0,0,0,0,0,0,0,0,0,0,0,0,0,0,0,0,0,0,0,0,0,0,0,0,0,0,0,0,0,0,0,0,0,0,0,0,0,0,0,0,0,0,0,0,0,0,0,0,0,0,0,0,0,0,0,0,0,0,0,0,0,0,0,0,0,0,0,0,0,0,0,0,0,0,0,0,0,0,0,0,0,0,0,0,0,0,0,0,0,0,0,0,0,0,0,0,0,0,0,0,0,0,0,0,0,0,0,0,0,0,0,0,0,0,0,0,0,0,0,0,0,0,0,0,0,0,0,0,0,0,0,0,0,0,0,0,0,0,0,30,12622.47391,0,0,0,0,0,0,0,0,0,0,0,0,0,0,0,0,0,0,0,0,0,0,0,0,0,0,0,0,0,0,0,0,0,0,0,0,0,0,0,0,0,0,0,0,0,0,0,0,0,0,0,0,0,0,0,0,0,0,0,0,0,0,0,0,0,0,0,0,0,0,0,0,0,0,0,0,0,0,0,0,0,0,0,0,0,0,0,0,0,0,0,0,0,0,0,0,0,0,0,0,0,0,0,0,0,0,0,0,0,0,0,0,0,0,0,0,0,0,0,0,0,0,0,0,0,0,0,0,0,0,0,0,0,0,0,0,0,0,0,0,0,0,0,0,0,0,0,0,0,0,0,0,0,0,0,0,0,0,0,0,0,0,0,0,0,0,0,0,0,0,0,0,0,0,0,0,0,0,0,0,0,0,0,0,0,0,0,0,0,0,0,0,0,0,0,0,0,0,0,0,60,30,0
"Cold Spring Harbor, NY",40.8608,-73.4488,0,0,0,0,0,0,0,0,0,0,0,0,0,0,0,0,0,0,0,0,0,0,0,0,0,0,0,0,0,0,0,0,0,0,0,0,0,0,0,0,0,0,0,0,0,0,0,0,0,0,0,0,0,0,0,0,0,0,0,0,0,0,0,0,0,0,0,0,0,0,510,440975.8828,90,79054.5,0,0,0,0,150,88936.3125,0,0,200,165638,550,471704.0498,200,189636.6875,345,349664.1346,299,343134.7397,300,401596.86,0,0,0,0,0,0,400,580708.9815,0,0,0,0,201,242756.8882,25,30658.95673,0,0,0,0,0,0,140,175544.9092,0,0,0,0,0,0,0,0,0,0,0,0,0,0,0,0,0,0,0,0,0,0,0,0,0,0,0,0,0,0,0,0,0,0,0,0,0,0,0,0,0,0,0,0,0,0,0,0,0,0,0,0,0,0,0,0,0,0,0,0,0,0,0,0,0,0,0,0,0,0,0,0,0,0,0,0,0,0,0,0,0,0,0,0,0,0,0,0,0,0,0,0,0,0,1700,461151.25,2600,685139,5490,1627534.519,1200,316218,4250,1156065.806,3700,1143109.897,3320,1062341.9,0,0,4900,1521799.125,9800,3228058.75,2900,982534.5,4325,1446545.322,14030,5903110.297,1600,828069.536,14250,6806098.359,0,0,2359,1446338.474,9657,5619687.951,4894,3283982.28,3146,2440998.004,371,255757.7772,4898,2680677.284,2091,989776.9797,1049,506783.2642,0,0,600,312686.899,0,0,0,0,0,0,0,0,0,0,0,0,0,0,0,0,0,0,0,0,0,0,0,0,0,0,0,0,0,0,0,0,0,0,0,0,0,0,0,0,0,0,0,0,0,0,0,0,0,0,0,0,0,0,0,0,0,0,0,0,0,0,0,0,0,0,0,0,0,0,0,0,0,0,0,0,0,0,0,0,0,0,0,0,0,0,0,0,0,0,0,0,0,0,0,0,0,0,0,0,0,0,0,0,28000,167195.7241,23400,226515.3429,0,0,45000,290404.2857,61000,578338.7407,31000,258406.0357,25016,181101.4077,101500,668669.3125,2432,23730.44429,129214,1342536.044,0,0,34200,355338.684,108400,1184919.597,57960,705222.6075,12000,194080.8889,3100,80647.69018,75432,2015050.556,44495,1091861.157,21000,469642.2889,0,0,17056,376682.8971,0,0,0,0,0,0,0,0,0,0,0,0,0,0,0,0,0,0,0,0,0,0,0,0,0,0,0,0,3410,103130,820205
"Dartmouth, MA",41.607456,-70.967341,0,0,0,0,0,0,0,0,0,0,0,0,0,0,0,0,0,0,0,0,0,0,0,0,0,0,0,0,0,0,0,0,0,0,0,0,0,0,0,0,0,0,0,0,0,0,0,0,160,79853.0303,300,151932.8672,250,134845.5664,0,0,0,0,1850,1428887.371,1500,955241.875,40,28561.62581,2050,1456918.538,1259,805018.9489,1450,1026885.016,0,0,548,481354.0667,2240,1789861.884,1150,762830.4914,0,0,0,0,1500,1242285,0,0,100,94818.34375,0,0,0,0,33,44175.6546,48,64381.9848,0,0,968,1272861.775,967,1403863.963,0,0,1127,1781888.43,1490,1799541.112,2787,3417860.496,2921,3884272.099,2916,4027036.23,1558,1999561.58,1591,1994942.503,0,0,500,531235.0266,1175,1517860.721,1486,2269403.158,35,49848.25417,95,120162.84,4262,5091297.291,0,0,0,0,3738,3974278.331,1322,1427336.317,0,0,0,0,1070,1237985.235,0,0,0,0,0,0,0,0,0,0,262,64634.06213,0,0,0,0,0,0,0,0,0,0,0,0,0,0,0,0,0,0,0,0,0,0,0,0,0,0,0,0,0,0,0,0,0,0,0,0,0,0,0,0,0,0,0,0,0,0,0,0,900,217399.875,1400,464126.4194,2350,825680.3333,3370,914164.5368,1150,303042.25,0,0,0,0,0,0,800,247158.8966,0,0,0,0,200,62114.25,0,0,2000,677610,0,0,0,0,7,3622.80422,14,6686.693125,0,0,1920,1177180.954,8,4655.431667,0,0,1974,1531637.018,49,33779.32906,170,93041.06538,1069,506012.2388,1059,511614.3725,6,2605.870556,157,81819.73857,0,0,525,376770.383,70,58145.15761,3255,2358788.644,3,1386.46535,0,0,452,302982.9591,0,0,0,0,270,129451.7438,703,320329.932,0,0,0,0,3200,1475684,0,0,0,0,0,0,0,0,0,0,0,0,0,0,0,0,0,0,0,0,0,0,0,0,0,0,0,0,0,0,0,0,0,0,0,0,0,0,0,0,0,0,0,0,0,0,0,0,0,0,0,0,0,0,0,0,0,0,0,0,6000,31621.8,0,0,0,0,0,0,0,0,0,0,0,0,0,0,0,0,0,0,0,0,2000,12906.85714,0,0,0,0,0,0,0,0,0,0,0,0,0,0,32500,337675.65,0,0,0,0,25000,404335.1852,0,0,0,0,5831,143086.693,4434,99161.61471,0,0,800,17668.05333,0,0,4200,121548.8168,0,0,39900,935358.4705,0,0,0,0,10240,237073.152,0,0,0,0,4104,110292.321,0,0,0,0,0,0,0,0,44486,27343,135009
"Dorchester, MA",42.299229,-71.061864,0,0,0,0,0,0,0,0,0,0,0,0,0,0,0,0,0,0,0,0,0,0,0,0,0,0,0,0,0,0,0,0,0,0,0,0,0,0,0,0,0,0,0,0,0,0,0,0,0,0,0,0,0,0,0,0,0,0,0,0,0,0,0,0,500,355345.9848,3200,2046116.471,150,106229.4844,200,172931.7188,0,0,1800,1438281.871,0,0,0,0,0,0,0,0,0,0,0,0,0,0,0,0,0,0,0,0,0,0,0,0,0,0,0,0,0,0,0,0,0,0,0,0,0,0,0,0,0,0,0,0,0,0,0,0,0,0,0,0,0,0,0,0,0,0,0,0,0,0,0,0,0,0,0,0,0,0,0,0,0,0,0,0,0,0,0,0,0,0,0,0,0,0,0,0,0,0,0,0,0,0,0,0,0,0,0,0,0,0,0,0,0,0,0,0,0,0,0,0,0,0,0,0,0,0,0,0,0,0,0,0,0,0,0,0,0,0,0,0,0,0,1250,439191.6667,450,122069.4485,1850,487502.75,1600,474327,0,0,0,0,0,0,0,0,0,0,0,0,0,0,0,0,0,0,0,0,0,0,0,0,0,0,0,0,0,0,0,0,0,0,0,0,0,0,0,0,0,0,0,0,0,0,0,0,0,0,0,0,0,0,0,0,0,0,0,0,0,0,0,0,0,0,0,0,0,0,0,0,0,0,0,0,0,0,0,0,0,0,0,0,0,0,0,0,0,0,0,0,0,0,0,0,0,0,0,0,0,0,0,0,0,0,0,0,0,0,0,0,0,0,0,0,0,0,0,0,0,0,0,0,0,0,0,0,0,0,0,0,0,0,0,0,0,0,0,0,0,0,0,0,0,0,0,0,0,0,0,0,0,0,0,0,0,0,0,0,0,0,0,0,0,0,0,0,0,0,0,0,0,0,0,0,0,0,0,0,0,0,0,0,0,0,0,0,0,0,0,0,0,0,0,0,0,0,0,0,0,0,0,0,0,0,0,0,0,0,0,0,0,0,0,0,0,0,0,0,5850,5150,0
"Duxbury, MA",42.041595,-70.670641,0,0,0,0,0,0,0,0,0,0,0,0,0,0,0,0,0,0,0,0,0,0,0,0,0,0,0,0,0,0,0,0,0,0,0,0,0,0,0,0,0,0,0,0,0,0,0,0,0,0,0,0,0,0,0,0,0,0,0,0,0,0,0,0,0,0,0,0,0,0,0,0,0,0,0,0,0,0,0,0,200,170578.9063,0,0,0,0,0,0,0,0,0,0,0,0,0,0,0,0,0,0,0,0,0,0,0,0,0,0,0,0,0,0,0,0,0,0,0,0,0,0,0,0,0,0,0,0,0,0,0,0,0,0,0,0,0,0,0,0,0,0,0,0,0,0,0,0,0,0,0,0,0,0,0,0,0,0,0,0,0,0,0,0,0,0,0,0,0,0,0,0,0,0,0,0,0,0,0,0,0,0,0,0,0,0,0,0,0,0,0,0,0,0,0,0,0,0,0,0,0,0,0,0,0,0,0,0,0,0,0,0,0,0,0,0,0,0,0,0,0,0,0,0,0,0,0,0,1300,447579.2864,0,0,0,0,0,0,0,0,0,0,0,0,0,0,0,0,0,0,0,0,0,0,0,0,0,0,0,0,0,0,0,0,0,0,0,0,0,0,0,0,0,0,0,0,0,0,0,0,0,0,0,0,0,0,0,0,0,0,0,0,0,0,0,0,0,0,0,0,0,0,0,0,0,0,0,0,0,0,0,0,0,0,0,0,0,0,0,0,0,0,0,0,0,0,0,0,0,0,0,0,0,0,0,0,0,0,0,0,0,0,0,0,0,0,0,0,0,0,0,0,0,0,0,0,0,0,0,0,0,0,0,0,0,0,0,0,0,0,0,0,0,0,0,0,7000,75290,0,0,0,0,0,0,0,0,0,0,0,0,0,0,0,0,0,0,0,0,0,0,0,0,0,0,0,0,0,0,0,0,0,0,0,0,0,0,0,0,0,0,0,0,0,0,0,0,0,0,0,0,0,0,0,0,0,0,0,0,0,0,0,0,200,1300,7000
"East Greenwich, RI",41.661545,-71.446338,0,0,0,0,0,0,0,0,0,0,0,0,0,0,0,0,0,0,0,0,0,0,0,0,0,0,0,0,0,0,0,0,0,0,0,0,0,0,0,0,0,0,0,0,0,0,0,0,0,0,0,0,0,0,0,0,0,0,0,0,0,0,0,0,0,0,0,0,0,0,0,0,0,0,0,0,0,0,0,0,0,0,0,0,0,0,0,0,0,0,0,0,0,0,0,0,0,0,0,0,0,0,0,0,0,0,0,0,0,0,0,0,0,0,0,0,0,0,0,0,0,0,0,0,0,0,0,0,0,0,0,0,0,0,0,0,0,0,0,0,0,0,0,0,0,0,0,0,0,0,0,0,0,0,0,0,1200,296033.8723,1560,349858.2128,0,0,0,0,0,0,0,0,0,0,0,0,0,0,0,0,0,0,0,0,0,0,0,0,0,0,0,0,0,0,0,0,0,0,0,0,0,0,0,0,0,0,0,0,0,0,0,0,0,0,0,0,0,0,0,0,0,0,0,0,0,0,0,0,0,0,0,0,0,0,0,0,0,0,0,0,0,0,0,0,0,0,0,0,0,0,0,0,0,0,0,0,0,0,0,0,0,0,0,0,0,0,0,0,0,0,0,0,0,0,0,0,0,0,0,0,0,0,0,0,0,0,0,0,0,0,0,0,0,0,0,0,0,0,0,0,0,0,0,0,0,0,0,0,0,0,0,0,0,0,0,0,0,0,0,0,0,0,0,0,0,0,0,0,0,0,0,0,0,0,0,0,0,0,0,0,0,0,0,0,0,0,0,0,0,0,0,0,0,0,0,0,0,0,0,0,0,0,0,0,0,0,0,0,0,0,0,0,0,0,0,0,0,0,0,0,0,0,0,0,0,0,0,0,0,0,0,0,0,0,0,0,0,0,0,0,0,0,0,0,0,0,0,0,0,0,0,0,0,0,0,0,0,0,0,0,0,0,0,0,0,0,0,0,0,0,0,0,0,0,0,0,0,0,0,0,0,0,0,2760,0
"East Haddam, CT",41.448298,-72.456526,0,0,0,0,0,0,0,0,0,0,0,0,0,0,0,0,0,0,0,0,0,0,0,0,0,0,0,0,0,0,0,0,0,0,0,0,0,0,0,0,0,0,0,0,0,0,0,0,0,0,0,0,0,0,0,0,0,0,0,0,0,0,0,0,0,0,450,287735.1287,110,77901.62188,0,0,0,0,0,0,0,0,0,0,0,0,0,0,0,0,0,0,0,0,0,0,0,0,0,0,0,0,0,0,0,0,0,0,0,0,0,0,0,0,0,0,0,0,0,0,0,0,0,0,0,0,0,0,0,0,0,0,0,0,0,0,0,0,0,0,0,0,0,0,0,0,0,0,0,0,0,0,0,0,0,0,0,0,0,0,0,0,0,0,0,0,0,0,0,0,0,0,0,0,0,0,0,0,0,0,0,0,0,0,0,0,0,0,0,0,0,0,0,0,0,0,0,0,0,0,0,0,0,0,0,0,0,0,0,0,0,0,0,0,0,0,0,0,0,0,0,0,0,0,0,0,0,0,0,0,0,0,0,0,0,0,0,0,0,0,0,0,0,0,0,0,0,0,0,0,0,0,0,0,0,0,0,0,0,0,0,0,0,0,0,0,0,0,0,0,0,0,0,0,0,0,0,0,0,0,0,0,0,0,0,0,0,0,0,0,0,0,0,0,0,0,0,0,0,0,0,0,0,0,0,0,0,0,0,0,0,0,0,0,0,0,0,0,0,0,0,0,0,0,0,0,0,0,0,0,0,0,0,0,0,0,0,0,0,0,0,0,0,0,0,0,0,0,0,0,0,0,0,0,0,0,0,0,0,0,0,0,0,0,0,0,0,0,0,0,0,0,0,0,0,0,0,0,0,0,0,0,0,0,0,0,0,0,0,0,0,0,0,0,0,0,0,0,0,0,0,0,0,0,0,0,0,0,0,0,0,0,0,0,0,0,0,0,0,0,0,0,0,0,0,0,0,0,0,0,0,0,0,0,0,0,0,0,0,0,0,0,560,0,0
"Edgartown, MA",41.3904,-70.519,0,0,0,0,0,0,0,0,0,0,0,0,0,0,0,0,0,0,0,0,0,0,0,0,0,0,0,0,1100,567130.1087,0,0,1250,733293.2292,0,0,0,0,6000,1888524.167,3416,1241139.679,1650,901570.0699,2700,1569464.338,1250,702383.7316,2115,1055557.244,0,0,4240,2286980.806,6035,3528507.024,0,0,3200,2471588.966,4500,2865725.625,3100,2213526,4830,3432642.214,3500,2237939.89,0,0,4800,4150361.25,5550,4875027.5,4255,3399938.534,1385,918713.244,8760,5193880.65,2800,2388104.688,2260,1871709.4,750,643232.7951,2420,2294603.919,1044,1058114.077,100,114760.7825,2000,2677312.4,3015,4043993.42,298,388710.9765,1297,1705476.985,214,310679.3051,448,747117.728,1347,2129728.23,416,502422.2164,1499,1838311.046,1773,2357690.665,1905,2630831.282,1737,2229292.981,3001,3762930.517,1398,1603011.599,266,282617.0341,656,847418.4113,657,1003363.307,1360,1936960.733,184,232736.448,79,94371.77053,1020,966636.8184,2664,2554514.41,5193,5521248.628,0,0,0,0,1040,1332906.782,0,0,0,0,0,0,0,0,0,0,0,0,0,0,0,0,0,0,0,0,0,0,0,0,0,0,0,0,0,0,0,0,0,0,0,0,0,0,0,0,0,0,0,0,0,0,0,0,3200,744042.3529,0,0,0,0,2240,719395.95,0,0,0,0,0,0,0,0,0,0,60,21081.2,0,0,2200,579733,2700,800426.8125,2200,579733,20,5440.309677,0,0,60,19198.95,5700,1962463.025,1840,571451.1,1900,625848.125,4400,1490742,3450,1153891.644,3000,1262247.391,150,77631.519,4100,1958245.844,110,79133.5545,5496,3369680.481,1861,1082969.791,3380,2268054.783,8028,6228967.57,3833,2642370.782,5674,3105382.382,3069,1452714.276,6033,2914607.658,6950,3018466.727,4458,2323263.66,100,67837.30743,1525,1094428.255,0,0,6083,4408144.799,6632,3065012.734,2971,1604951.283,2496,1673109.438,400,187234.3421,6381,2989314.16,6200,2972595.597,0,0,0,0,0,0,0,0,0,0,0,0,0,0,0,0,0,0,0,0,0,0,0,0,0,0,0,0,0,0,0,0,0,0,0,0,0,0,0,0,0,0,0,0,0,0,0,0,0,0,0,0,0,0,24000,95662.58824,0,0,0,0,12000,56467.5,0,0,0,0,0,0,0,0,0,0,0,0,0,0,0,0,0,0,0,0,0,0,0,0,0,0,45000,484007.1429,14000,90348,19000,180138.2963,42500,354266.3393,24000,173746.1538,15000,98818.125,0,0,49660,515968.3932,0,0,42973,446490.3295,15400,168337.2859,48500,590118.9866,87840,1420672.107,79900,2078629.176,17800,475499.7865,41500,1018366.963,62927,1407294.301,77116,1419260.001,35228,778012.7285,0,0,24550,710481.7742,0,0,69900,1638635.516,80000,1688647.143,70000,1350514.375,22707,525705.0842,0,0,74889,1205989.573,78586,2111947.451,0,0,0,0,0,0,0,0,116477,118900,1174976
"Fairhaven, MA",41.644035,-70.886989,0,0,0,0,0,0,0,0,0,0,0,0,0,0,0,0,0,0,0,0,0,0,100,47911.81818,35,20344.90809,350,138345.375,130,67024.46739,2100,998492.7065,0,0,2133,948505.7728,108,46246.8825,2440,767999.8278,2300,835661.9621,1200,655687.3235,720,418523.8235,1370,769812.5699,1510,753612.9735,3997,2024252.234,3050,1645115.91,3095,1809565.74,2415,1803101.388,4425,3417744.116,14342,9133385.981,6742,4814062.03,5796,4119170.656,17207,11002351.91,16612,11764561.3,8758,7572679.964,12179,10697830.62,12235,9776321.495,17145,11372807.63,14347,8506461.836,10022,8547708.992,17203,14247352.57,12275,10527576.75,15210,14421870.08,4282,4339889.346,12950,14861521.33,11520,15421319.42,10551,14151965.03,10179,13277479.97,11175,14694452.82,4149,6023403.91,10806,18020879.84,9223,14582393.07,5259,6351534.702,10414,12771295.02,4703,6253930.736,4703,6494907.884,5756,7387340.471,7364,9233662.222,5979,6855798.535,3333,3541212.687,177,228647.9555,460,702507.0341,135,192271.8375,833,1053638.376,2497,2982864.696,539,510801.2207,553,530272.6985,781,830366.8744,1903,2054630.115,85,104747.2125,1214,1555912.34,0,0,1000,292794.4444,0,0,0,0,0,0,0,0,0,0,0,0,0,0,0,0,0,0,0,0,0,0,1400,470193.4314,0,0,1900,544215.7609,0,0,2100,461151.25,2317,503715.5104,3206,675863.272,4250,995501.1111,3300,790545,1650,409223.2941,3750,871924.6324,5400,1255571.471,3650,757805.2576,5432,1163023.453,9066,2911626.644,10530,2601387.141,15840,3269694.12,15950,3768264.5,11930,2881756.121,13195,4374391.502,13769,4837784.047,15583,4227129.37,19917,5248428.255,20292,6015652.178,17994,4741688.91,17345,4718108.568,9514,2939337.177,11625,3719796.563,17019,5859501.442,17692,5494626.555,20490,6749277.938,12960,4390912.8,14240,4762729.569,19580,8238267.969,9590,4963241.781,15505,7405512.636,6345,4564567.303,18681,11453602.81,29652,17255357.47,16848,11305380.76,10916,8469782.012,18691,12885090.6,20129,11016609.44,20534,9719789.814,18433,8905181.991,27929,12129893.12,11086,5777411.604,30,20351.19223,786,564079.0877,543,451040.294,103,74640.62375,280,129403.4327,3145,1698947.084,2715,1819908.704,317,148383.2161,135,63243.6,7,3356.156319,6,2733.968125,0,0,786,409538.2439,0,0,0,0,0,0,0,0,0,0,0,0,0,0,0,0,0,0,0,0,0,0,0,0,0,0,0,0,0,0,0,0,0,0,0,0,2000,4517.4,0,0,0,0,0,0,7500,24912.13235,28000,99205.64706,9190,36630.79941,8000,45630.30303,42150,247927.6172,70000,329393.75,55500,221987.8594,12400,40455.82667,44000,148503.0345,101000,532300.3,87000,443725.2581,0,0,11000,48717.05882,0,0,0,0,0,0,0,0,18000,107482.9655,91200,882829.0286,152000,1634868.571,160500,1035775.286,203703,1931300.598,101500,846071.375,122635,887806.649,190188,1252934.771,74772,729594.0708,128550,1335637.071,78632,1381301.829,185700,1929426.714,485956,5311981.436,176060,2142192.758,80400,1300341.956,149704,3894607.036,193742,5175521.328,176810,4338734.041,184588,4128110.991,317713,5847260.655,141086,3115893.716,0,0,1395,40371.57128,10000,280962.6391,0,0,8000,168864.7143,42420,818411.7113,38277,886176.664,0,0,0,0,0,0,0,0,0,0,0,0,0,0,353074,577078,3991271
"Fall River, MA",41.7136,-71.1014,0,0,0,0,0,0,0,0,0,0,0,0,0,0,0,0,0,0,0,0,0,0,0,0,0,0,0,0,0,0,0,0,0,0,0,0,0,0,0,0,0,0,0,0,0,0,0,0,0,0,0,0,0,0,0,0,0,0,0,0,0,0,2000,1428081.29,0,0,510,326099.8125,855,605508.0609,2240,1936835.25,830,729058.1667,950,759093.2097,2460,1631793.921,780,462468.825,1750,1492565.43,1260,1043519.4,370,317328.1789,200,189636.6875,150,152027.8846,840,963990.573,400,535462.48,0,0,460,600023.655,370,486527.7445,0,0,0,0,326,515435.34,700,845421.9988,151,185180.0987,0,0,367,506832.0632,1473,1890471.25,315,394976.0456,0,0,0,0,0,0,0,0,0,0,0,0,0,0,0,0,0,0,0,0,0,0,0,0,0,0,0,0,0,0,0,0,0,0,0,0,0,0,0,0,0,0,0,0,0,0,0,0,0,0,0,0,0,0,0,0,0,0,0,0,0,0,0,0,0,0,0,0,0,0,0,0,0,0,0,0,0,0,0,0,0,0,0,0,0,0,0,0,0,0,1850,613309.9113,0,0,1240,336369.1471,0,0,4170,1236214.744,3120,822166.8,890,242093.7806,1120,346022.4552,4015,1284729.738,700,241004.2311,3600,1118056.5,4050,1334044.688,30,10164.15,2000,668922.6923,8980,3778327.189,600,310526.076,0,0,2927,2105671.946,42,25750.83337,0,0,0,0,1974,1531637.018,800,551499.25,134,73338.25154,0,0,50,24155.54167,0,0,0,0,0,0,0,0,0,0,0,0,0,0,0,0,0,0,0,0,0,0,0,0,0,0,0,0,0,0,0,0,0,0,0,0,0,0,0,0,0,0,0,0,0,0,0,0,0,0,0,0,0,0,0,0,0,0,0,0,0,0,0,0,0,0,0,0,0,0,0,0,0,0,0,0,0,0,0,0,0,0,0,0,0,0,0,0,0,0,0,0,0,0,0,0,0,0,0,0,0,0,0,0,0,0,0,0,0,0,32000,309764.5714,0,0,24600,158754.3429,33500,317612.2593,0,0,20000,144788.4615,77000,507266.375,0,0,0,0,45569,800495.2571,0,0,0,0,0,0,31903,515980.2165,1400,36421.5375,0,0,0,0,0,0,648,11925.936,0,0,0,0,0,0,0,0,0,0,0,0,0,0,0,0,0,0,0,0,0,0,0,0,0,0,0,0,0,0,19757,42292,266620
"Falmouth, MA",41.5516,-70.6089,0,0,0,0,0,0,0,0,0,0,0,0,0,0,0,0,0,0,0,0,0,0,0,0,0,0,0,0,0,0,0,0,0,0,0,0,300,128463.5625,0,0,2000,726662.5758,0,0,0,0,0,0,0,0,0,0,1700,916949.8516,3468,2027649.107,0,0,2000,1544743.103,860,547672.0083,4600,3284586.968,8190,5820567.232,2910,1860687.165,780,552393.3188,5200,4496224.688,2700,2371635,1300,1038759.129,300,198999.2586,6100,3616743.375,2200,1876367.969,2800,2318932,0,0,100,94818.34375,2400,2432446.154,2540,2914923.876,0,0,0,0,0,0,4092,5380733.866,513,744759.2688,0,0,307,485394.63,0,0,2325,2851282.976,0,0,104,143625.4348,0,0,0,0,0,0,981,1042283.122,0,0,0,0,0,0,0,0,0,0,0,0,0,0,0,0,0,0,0,0,0,0,0,0,40,11711.77778,0,0,0,0,0,0,0,0,0,0,0,0,0,0,0,0,0,0,0,0,0,0,0,0,0,0,0,0,0,0,0,0,0,0,0,0,0,0,0,0,0,0,0,0,0,0,0,0,0,0,0,0,0,0,0,0,0,0,0,0,0,0,0,0,700,189885.8088,300,79054.5,4100,1215462.938,0,0,370,100645.729,20,6178.972414,920,294383.9,0,0,140,43479.975,0,0,1700,575968.5,2100,702368.8269,100,42074.91302,0,0,2600,1241814.438,0,0,1812,1110964.525,2071,1205174.873,0,0,2477,1921917.373,0,0,0,0,0,0,2063,996657.6492,0,0,0,0,0,0,232,166496.6264,0,0,0,0,0,0,0,0,0,0,0,0,0,0,0,0,0,0,0,0,0,0,0,0,0,0,0,0,0,0,0,0,0,0,0,0,0,0,0,0,0,0,0,0,0,0,0,0,0,0,0,0,0,0,0,0,0,0,0,0,0,0,0,0,0,0,0,0,0,0,0,0,0,0,0,0,0,0,0,0,0,0,0,0,0,0,0,0,0,0,0,0,0,0,0,0,0,0,0,0,0,0,2400,23232.34286,0,0,43000,277497.4286,0,0,9798,81672.97864,10000,72394.23077,0,0,0,0,14300,148577.286,0,0,22200,230658.444,0,0,0,0,23100,373605.7111,0,0,0,0,0,0,28359,634218.3653,0,0,0,0,0,0,1700,49198.3306,0,0,0,0,0,0,0,0,0,0,0,0,0,0,0,0,0,0,0,0,0,0,0,0,60770,21745,154857
"Freetown, MA",41.79629276,-71.091762,0,0,0,0,0,0,0,0,0,0,0,0,0,0,0,0,0,0,0,0,0,0,0,0,0,0,0,0,0,0,0,0,0,0,0,0,0,0,0,0,0,0,0,0,0,0,0,0,0,0,0,0,0,0,0,0,0,0,0,0,0,0,0,0,0,0,0,0,0,0,0,0,0,0,0,0,0,0,0,0,300,255868.3594,0,0,128,109778.397,0,0,0,0,0,0,0,0,0,0,0,0,0,0,0,0,0,0,0,0,0,0,0,0,0,0,0,0,0,0,0,0,0,0,0,0,0,0,0,0,0,0,0,0,0,0,0,0,0,0,0,0,0,0,0,0,0,0,0,0,0,0,0,0,0,0,0,0,0,0,0,0,0,0,0,0,0,0,0,0,0,0,0,0,0,0,0,0,0,0,0,0,0,0,0,0,0,0,0,0,0,0,0,0,0,0,0,0,0,0,0,0,0,0,0,0,0,0,0,0,0,0,0,0,0,0,0,0,0,0,0,0,0,0,0,0,0,0,0,0,1700,585295.9899,0,0,1100,362333.125,0,0,1250,418076.6827,0,0,0,0,0,0,0,0,0,0,0,0,0,0,0,0,0,0,0,0,0,0,0,0,0,0,0,0,0,0,0,0,0,0,0,0,0,0,0,0,0,0,0,0,0,0,0,0,0,0,0,0,0,0,0,0,0,0,0,0,0,0,0,0,0,0,0,0,0,0,0,0,0,0,0,0,0,0,0,0,0,0,0,0,0,0,0,0,0,0,0,0,0,0,0,0,0,0,0,0,0,0,0,0,0,0,0,0,0,0,0,0,0,0,0,0,0,0,0,0,0,0,0,0,0,0,0,0,0,0,0,0,0,0,0,0,17000,182847.1429,0,0,10000,94809.62963,0,0,0,0,0,0,0,0,0,0,0,0,0,0,0,0,0,0,0,0,0,0,0,0,0,0,0,0,0,0,0,0,0,0,0,0,0,0,0,0,0,0,0,0,0,0,0,0,0,0,0,0,0,0,0,0,0,0,0,0,428,4050,27000
"Gloucester, MA",42.611046,-70.660451,0,0,0,0,0,0,0,0,0,0,0,0,0,0,0,0,0,0,0,0,0,0,0,0,0,0,0,0,0,0,0,0,0,0,0,0,0,0,0,0,0,0,0,0,0,0,0,0,0,0,0,0,0,0,0,0,0,0,0,0,0,0,0,0,550,390880.5833,0,0,0,0,0,0,0,0,0,0,0,0,0,0,0,0,0,0,0,0,0,0,0,0,0,0,0,0,0,0,0,0,0,0,164,238090.6824,0,0,0,0,0,0,0,0,0,0,0,0,0,0,0,0,0,0,0,0,0,0,0,0,0,0,0,0,0,0,0,0,0,0,0,0,0,0,0,0,0,0,0,0,0,0,0,0,0,0,0,0,0,0,0,0,0,0,0,0,0,0,0,0,0,0,0,0,0,0,0,0,0,0,0,0,0,0,0,0,0,0,0,0,0,0,0,0,0,0,0,0,0,0,0,0,0,0,0,0,0,0,0,0,1500,362333.125,0,0,1600,562165.3333,0,0,0,0,0,0,0,0,0,0,250,77237.15517,0,0,0,0,0,0,0,0,0,0,0,0,0,0,0,0,0,0,0,0,0,0,0,0,0,0,0,0,0,0,0,0,0,0,0,0,0,0,0,0,0,0,0,0,0,0,0,0,0,0,0,0,0,0,0,0,0,0,0,0,0,0,0,0,0,0,0,0,0,0,0,0,0,0,0,0,0,0,0,0,0,0,0,0,0,0,0,0,0,0,0,0,0,0,0,0,0,0,0,0,0,0,0,0,0,0,0,0,0,0,0,0,0,0,0,0,0,0,0,0,0,0,0,0,0,0,0,0,0,0,0,0,0,0,0,0,0,0,0,0,0,0,0,0,0,0,0,0,0,0,0,0,0,0,0,0,0,0,0,0,0,0,0,0,0,0,0,0,0,0,0,0,0,0,0,0,0,0,0,0,0,0,0,0,0,0,0,0,0,0,0,0,0,0,0,0,0,0,0,0,0,0,0,0,0,0,0,0,0,0,0,0,0,0,714,3350,0
"Greenport, NY",41.1031,-72.3669,0,0,0,0,0,0,0,0,0,0,0,0,0,0,0,0,0,0,0,0,0,0,0,0,0,0,0,0,0,0,0,0,0,0,0,0,0,0,0,0,0,0,0,0,0,0,0,0,0,0,0,0,0,0,0,0,0,0,0,0,500,318413.9583,0,0,150,106603.7955,0,0,290,205377.0031,1355,1171612.395,440,386488.6667,1755,1402324.824,730,484231.5293,960,569192.4,100,85289.45313,545,451363.55,150,128646.559,720,682692.075,770,780409.8077,623,714959.675,500,669328.1,804,1078398.245,1170,1526147.123,678,891529.2183,1375,1996187.124,566,943903.201,835,1320210.15,866,1045907.787,0,0,642,853715.4014,185,255487.5523,0,0,0,0,0,0,0,0,0,0,0,0,0,0,0,0,0,0,0,0,0,0,0,0,0,0,0,0,0,0,0,0,0,0,0,0,0,0,0,0,0,0,0,0,0,0,0,0,0,0,0,0,0,0,0,0,0,0,0,0,0,0,0,0,0,0,0,0,0,0,0,0,0,0,0,0,0,0,0,0,0,0,0,0,0,0,0,0,0,0,1400,330756.7586,3800,917910.5833,3700,1226619.823,1650,579733,7650,2075180.625,5000,1317575,8870,2629550.306,3560,938113.4,9315,2533824.232,675,208540.319,10200,3263821.5,3800,1308308.683,8693,2699795.876,3375,1111703.906,10030,3398214.15,11730,3923231.59,7730,3252390.776,800,414034.768,11013,5260039.385,625,449622.4688,6468,3965628.339,8399,4887621.321,4005,2687443.611,1316,1021091.346,7454,5138594.262,2710,1483184.042,4524,2141440.008,375,181166.5625,0,0,0,0,0,0,0,0,0,0,0,0,0,0,0,0,0,0,0,0,0,0,0,0,0,0,0,0,0,0,0,0,0,0,0,0,0,0,0,0,0,0,0,0,0,0,0,0,0,0,0,0,0,0,0,0,0,0,0,0,0,0,0,0,0,0,0,0,0,0,0,0,0,0,0,0,0,0,0,0,0,0,0,0,0,0,0,0,0,0,0,0,1800,9486.54,0,0,0,0,0,0,0,0,0,0,0,0,68219,331368.291,0,0,81600,789899.6571,30500,328049.2857,75200,485297.8286,32000,303390.8148,96000,800225.1429,76000,550196.1538,92290,607994.9838,6000,58545.504,113706,1181407.614,3500,61483.3198,98038,1018616.781,59450,649847.5096,61692,750631.351,18400,297590.6963,31600,822086.1321,21737,580670.7225,24090,591143.6178,0,0,0,0,0,0,0,0,0,0,0,0,0,0,0,0,0,0,0,0,0,0,0,0,0,0,0,0,0,0,0,0,0,0,16709,148867,991822
"Groton, CT",41.339,-72.0727,0,0,0,0,0,0,0,0,0,0,0,0,0,0,0,0,0,0,0,0,0,0,0,0,0,0,0,0,0,0,0,0,0,0,0,0,0,0,0,0,0,0,0,0,0,0,0,0,0,0,0,0,0,0,0,0,0,0,0,0,0,0,170,121386.9097,300,213207.5909,400,255764.5588,40,28327.8625,250,216164.6484,200,175676.6667,200,159809.0968,100,66333.08621,300,177872.625,0,0,100,82819,0,0,400,379273.375,0,0,0,0,0,0,0,0,0,0,0,0,0,0,0,0,0,0,0,0,0,0,0,0,0,0,0,0,0,0,0,0,0,0,0,0,0,0,0,0,0,0,0,0,0,0,0,0,0,0,0,0,0,0,0,0,0,0,0,0,0,0,0,0,0,0,0,0,0,0,0,0,0,0,0,0,0,0,0,0,0,0,0,0,0,0,0,0,0,0,0,0,0,0,0,0,0,0,0,0,0,0,0,0,0,0,0,0,0,0,0,0,0,0,0,0,600,141752.8966,0,0,130,43097.45323,2600,913518.6667,1200,325518.5294,2340,616625.1,3600,1067235.75,1500,395272.5,1600,435224.7742,2300,710581.8276,1600,511972,2200,757441.8693,1900,590085.375,0,0,3600,1219698,0,0,0,0,0,0,5106,2438732.507,0,0,0,0,0,0,0,0,8487,6585108.093,0,0,0,0,0,0,0,0,0,0,0,0,0,0,0,0,0,0,0,0,0,0,0,0,143,95855.22822,0,0,0,0,0,0,0,0,0,0,0,0,0,0,0,0,0,0,0,0,0,0,0,0,0,0,0,0,0,0,0,0,0,0,0,0,0,0,0,0,0,0,0,0,0,0,0,0,0,0,0,0,0,0,0,0,0,0,0,0,0,0,0,0,0,0,0,0,0,0,0,0,1000,3375.068966,0,0,0,0,20000,114075.7576,10000,44288.23529,0,0,0,0,0,0,0,0,0,0,12800,123905.8286,17000,182847.1429,18000,116161.7143,0,0,40000,333427.1429,0,0,0,0,0,0,49400,513266.988,0,0,0,0,0,0,0,0,127899,2068562.634,0,0,0,0,0,0,0,0,0,0,0,0,0,0,0,0,0,0,0,0,0,0,0,0,1765,40862.70638,0,0,0,0,0,0,0,0,0,0,0,0,0,0,2460,38906,297864
"Hartford, CT",41.767639,-72.670177,0,0,0,0,0,0,0,0,0,0,0,0,0,0,0,0,0,0,0,0,0,0,0,0,0,0,0,0,0,0,0,0,0,0,105,46691.56406,63,26977.34813,99,31160.64875,0,0,0,0,0,0,0,0,0,0,0,0,0,0,0,0,0,0,0,0,0,0,0,0,0,0,0,0,0,0,0,0,0,0,0,0,0,0,0,0,0,0,0,0,0,0,0,0,0,0,0,0,0,0,0,0,0,0,0,0,0,0,0,0,0,0,0,0,0,0,0,0,0,0,0,0,0,0,0,0,0,0,0,0,0,0,0,0,0,0,0,0,0,0,0,0,0,0,0,0,0,0,0,0,0,0,0,0,0,0,0,0,0,0,0,0,0,0,0,0,0,0,0,0,0,0,0,0,0,0,0,0,0,0,0,0,0,0,0,0,1145,248922.8569,1288,271525.856,779,182469.4978,1011,242194.2409,0,0,0,0,0,0,0,0,0,0,0,0,0,0,0,0,0,0,0,0,0,0,0,0,0,0,0,0,0,0,0,0,0,0,0,0,0,0,0,0,0,0,0,0,0,0,0,0,0,0,0,0,0,0,0,0,0,0,0,0,0,0,0,0,0,0,0,0,0,0,0,0,0,0,0,0,0,0,0,0,0,0,0,0,0,0,0,0,0,0,0,0,0,0,0,0,0,0,0,0,0,0,0,0,0,0,0,0,0,0,0,0,0,0,0,0,0,0,0,0,0,0,0,0,0,0,0,0,0,0,0,0,0,0,0,0,0,0,2375,5364.4125,0,0,0,0,4656,13809.55491,0,0,0,0,0,0,0,0,0,0,0,0,0,0,0,0,0,0,0,0,0,0,0,0,0,0,0,0,0,0,0,0,0,0,0,0,0,0,0,0,0,0,0,0,0,0,0,0,0,0,0,0,0,0,0,0,0,0,0,0,0,0,0,0,0,0,0,0,0,0,0,0,0,0,0,0,0,0,0,0,0,0,0,0,0,0,0,0,0,0,0,0,0,0,0,0,0,0,0,0,0,0,0,0,267,4223,7031
"Holmes’ Hole, MA",41.4565,-70.6069,0,0,0,0,0,0,0,0,0,0,0,0,0,0,0,0,0,0,0,0,0,0,0,0,250,145320.7721,0,0,0,0,0,0,0,0,0,0,0,0,0,0,0,0,0,0,0,0,0,0,0,0,0,0,0,0,0,0,0,0,0,0,0,0,0,0,0,0,180,115094.0515,60,42491.79375,250,216164.6484,100,87838.33333,500,399522.7419,800,530664.6897,1800,1067235.75,0,0,200,165638,1425,1222142.311,630,597355.5656,0,0,0,0,1760,2356034.912,0,0,263,343057.0028,320,420780.752,870,1263042.035,43,71709.9605,238,376299.42,325,392517.3566,541,663459.8237,0,0,344,475068.7459,606,777749.8828,0,0,0,0,0,0,620,800913.7424,0,0,0,0,0,0,0,0,0,0,0,0,0,0,0,0,0,0,0,0,0,0,0,0,0,0,0,0,0,0,0,0,0,0,0,0,0,0,0,0,0,0,0,0,0,0,0,0,0,0,250,71607.33696,0,0,0,0,0,0,0,0,0,0,0,0,0,0,0,0,0,0,0,0,0,0,0,0,0,0,0,0,0,0,0,0,0,0,0,0,1920,520829.6471,0,0,2250,667022.3438,0,0,1200,326418.5806,2200,679686.9655,1700,543970.25,0,0,2300,714313.875,2350,774075.3125,2620,887669.1,0,0,0,0,6200,3208769.452,0,0,0,0,1720,1054557.938,4407,2564560.919,1330,892459.4263,890,690555.6972,3343,2304577.491,910,498043.35,0,0,54,26087.985,0,0,0,0,0,0,0,0,0,0,0,0,0,0,0,0,0,0,0,0,0,0,0,0,0,0,0,0,0,0,0,0,0,0,0,0,0,0,0,0,0,0,0,0,0,0,0,0,0,0,0,0,0,0,0,0,0,0,0,0,0,0,0,0,0,0,0,0,0,0,0,0,0,0,0,0,0,0,0,0,0,0,0,0,0,0,0,0,0,0,0,0,0,0,0,0,0,0,0,0,0,0,0,0,0,0,0,0,0,0,13600,131649.9429,0,0,25000,161335.7143,9000,85328.66667,24600,205057.6929,0,0,0,0,62000,604970.208,0,0,0,0,17998,186999.58,10300,112589.2237,24700,300534.8241,5000,80867.03704,54872,1427516.147,1200,32056.16538,0,0,0,0,0,0,0,0,0,0,0,0,0,0,0,0,0,0,0,0,0,0,0,0,0,0,0,0,0,0,0,0,0,0,0,0,12125,35644,248270
"Hudson, NY",42.2515,-73.7859,0,0,0,0,0,0,0,0,0,0,0,0,0,0,0,0,0,0,0,0,0,0,0,0,0,0,450,177872.625,0,0,1950,927171.7989,0,0,0,0,0,0,0,0,0,0,0,0,0,0,0,0,0,0,0,0,0,0,1180,689915.2094,600,447975.5,3320,2564273.552,150,95524.1875,4600,3284586.968,3290,2338176.58,4625,2957277.711,1604,1135947.286,1900,1642851.328,2300,2020281.667,300,239713.6452,1730,1147562.391,0,0,400,341157.8125,800,662552,0,0,0,0,0,0,0,0,0,0,0,0,0,0,0,0,0,0,0,0,0,0,0,0,0,0,0,0,0,0,0,0,0,0,0,0,0,0,0,0,0,0,0,0,0,0,0,0,0,0,0,0,0,0,0,0,0,0,0,0,0,0,900,263515,0,0,0,0,0,0,0,0,0,0,0,0,0,0,0,0,0,0,0,0,0,0,0,0,0,0,0,0,950,190475.5163,0,0,0,0,0,0,0,0,0,0,0,0,0,0,0,0,0,0,0,0,0,0,2200,543499.6875,5600,1155952.467,2640,623712.7448,1000,241555.4167,1620,537060.571,700,245947.3333,1125,305173.6213,2400,632436,8400,2490216.75,4400,1159466,2800,761643.3548,6530,2017434.493,0,0,2400,826300.221,800,248457,0,0,0,0,0,0,0,0,0,0,0,0,0,0,0,0,0,0,0,0,0,0,0,0,0,0,0,0,0,0,0,0,0,0,0,0,0,0,0,0,0,0,0,0,0,0,0,0,0,0,0,0,0,0,0,0,0,0,0,0,0,0,0,0,0,0,0,0,0,0,0,0,0,0,0,0,0,0,0,0,0,0,0,0,0,0,0,0,0,0,0,0,0,0,0,0,0,0,0,0,0,0,0,0,0,0,0,0,0,0,0,0,0,0,0,0,1400,5599.69375,40000,130502.6667,0,0,0,0,0,0,0,0,0,0,0,0,34000,143992.125,0,0,0,0,14000,83597.86207,0,0,24000,258137.1429,8000,51627.42857,0,0,0,0,0,0,0,0,0,0,0,0,0,0,0,0,0,0,0,0,0,0,0,0,0,0,0,0,0,0,0,0,0,0,0,0,0,0,0,0,0,0,0,0,0,0,0,0,0,0,0,0,0,0,0,0,0,0,0,0,0,0,29199,44465,121400
"Lynn, MA",42.4778,-70.9662,0,0,0,0,0,0,0,0,0,0,0,0,0,0,0,0,0,0,0,0,0,0,0,0,0,0,0,0,0,0,0,0,0,0,0,0,0,0,0,0,0,0,0,0,0,0,0,0,0,0,0,0,0,0,0,0,0,0,0,0,0,0,150,107106.0968,450,319811.3864,470,300523.3566,355,251409.7797,0,0,380,333785.6667,0,0,410,271965.6534,0,0,100,85289.45313,150,124228.5,0,0,150,142227.5156,180,182433.4615,900,1032847.043,0,0,120,160954.962,0,0,1656,2177540.392,0,0,0,0,0,0,108,130436.537,0,0,0,0,0,0,0,0,0,0,0,0,0,0,0,0,0,0,0,0,0,0,0,0,0,0,0,0,0,0,0,0,0,0,0,0,0,0,0,0,0,0,0,0,0,0,0,0,0,0,0,0,0,0,0,0,0,0,0,0,0,0,0,0,0,0,0,0,0,0,0,0,0,0,0,0,0,0,0,0,0,0,0,0,0,0,0,0,0,0,0,0,0,0,1200,247704.1,1800,425258.6897,1400,338177.5833,2300,762493.4032,2500,878383.3333,3800,1030808.676,6825,1798489.875,1100,326099.8125,3550,935478.25,0,0,3900,1204899.621,0,0,1400,482008.4623,1650,512442.5625,0,0,1850,626789.25,1800,602030.4231,1600,673198.6083,0,0,2600,1241814.438,0,0,2150,1318197.422,0,0,0,0,0,0,2770,1909566.153,0,0,0,0,0,0,0,0,0,0,0,0,0,0,0,0,0,0,0,0,0,0,0,0,0,0,0,0,0,0,0,0,0,0,0,0,0,0,0,0,0,0,0,0,0,0,0,0,0,0,0,0,0,0,0,0,0,0,0,0,0,0,0,0,0,0,0,0,0,0,0,0,0,0,0,0,0,0,0,0,0,0,0,0,0,0,0,0,0,0,0,0,0,0,0,0,5000,16875.34483,0,0,0,0,0,0,0,0,0,0,0,0,10000,47683.66667,0,0,8000,47770.2069,0,0,11000,118312.8571,0,0,0,0,27604,230098.0713,13114,94937.79423,0,0,0,0,25000,259750.5,0,0,28000,290920.56,0,0,0,0,0,0,61600,1602547.65,0,0,0,0,0,0,0,0,0,0,0,0,0,0,0,0,0,0,0,0,0,0,0,0,0,0,0,0,0,0,0,0,0,0,0,0,0,0,5579,44195,189318
"Marion, MA",41.700415,-70.759592,0,0,0,0,0,0,0,0,0,0,0,0,0,0,0,0,0,0,0,0,0,0,0,0,0,0,0,0,0,0,0,0,0,0,0,0,0,0,0,0,0,0,0,0,0,0,0,0,0,0,0,0,0,0,0,0,0,0,0,0,0,0,0,0,0,0,0,0,0,0,0,0,0,0,0,0,0,0,0,0,0,0,0,0,0,0,0,0,0,0,0,0,0,0,0,0,0,0,0,0,0,0,0,0,0,0,0,0,0,0,0,0,0,0,0,0,0,0,0,0,0,0,0,0,220,335981.625,405,576815.5125,616,779161.152,170,203078.4935,1083,1026340.857,375,359588.1771,260,276434.5549,404,436190.5236,266,327797.1591,465,595963.1284,270,312388.7977,0,0,0,0,0,0,0,0,0,0,0,0,0,0,0,0,0,0,0,0,0,0,0,0,0,0,0,0,0,0,0,0,0,0,0,0,0,0,0,0,0,0,0,0,0,0,0,0,0,0,0,0,0,0,0,0,0,0,0,0,0,0,0,0,0,0,0,0,0,0,0,0,0,0,0,0,0,0,0,0,0,0,0,0,0,0,0,0,0,0,0,0,0,0,0,0,0,0,0,0,0,0,0,0,0,0,0,0,0,0,0,0,0,0,0,0,0,0,0,0,0,0,0,0,0,0,751,347078.4926,72,38894.814,6,4021.897688,893,418000.6688,981,459570.16,20,9589.018056,18,8201.904375,0,0,50,26052.05114,20,9223.025,0,0,0,0,0,0,0,0,0,0,0,0,0,0,0,0,0,0,0,0,0,0,0,0,0,0,0,0,0,0,0,0,0,0,0,0,0,0,0,0,0,0,0,0,0,0,0,0,0,0,0,0,0,0,0,0,0,0,0,0,0,0,0,0,0,0,0,0,0,0,0,0,0,0,0,0,0,0,0,0,0,0,0,0,0,0,0,0,0,0,0,0,0,0,0,0,0,0,0,0,0,0,0,0,0,0,0,0,0,0,0,0,0,0,0,0,0,0,0,0,0,0,0,0,0,0,0,0,0,0,0,0,3496,58876.78,800,12882.95556,0,0,285,6456.964513,0,0,0,0,0,0,4534,2811,4581
"Mattapoisett, MA",41.659018,-70.817583,0,0,0,0,0,0,0,0,0,0,0,0,0,0,0,0,0,0,0,0,0,0,0,0,0,0,0,0,0,0,0,0,0,0,150,66702.23438,0,0,0,0,0,0,0,0,1200,697539.7059,150,84286.04779,390,194641.7614,180,91159.72031,70,37756.75859,110,64314.12969,230,171723.9417,275,212402.1767,580,369360.1917,3350,2392036.161,710,504591.2985,258,164968.1404,2330,1650097.991,2662,2301721.177,3245,2850353.917,3070,2453069.635,2969,1969429.329,1700,1007944.875,4040,3445693.906,870,720525.3,3030,2598660.492,1570,1488647.997,3827,3878738.096,810,929562.3383,4030,5394784.486,2946,3951444.317,2234,2914027.925,1843,2423434.144,1980,2874509.458,2254,3758936.069,2230,3525830.7,2455,2965015.724,4419,5419277.192,1720,2287212.602,2454,3389007.856,646,829086.5087,2899,3635033.512,1731,1984844.834,2303,2446868.533,0,0,0,0,0,0,0,0,0,0,0,0,0,0,0,0,0,0,0,0,0,0,0,0,0,0,0,0,0,0,0,0,0,0,0,0,0,0,0,0,0,0,0,0,0,0,0,0,0,0,0,0,0,0,0,0,0,0,0,0,0,0,0,0,0,0,0,0,0,0,15,3487.698529,85,17647.5197,70,14987.41563,0,0,1790,442211.1094,2950,608939.2458,2700,637888.0345,1500,362333.125,3845,1274690.059,50,17567.66667,35,9494.290441,7529,1984004.435,4670,1384441.931,109,28723.135,230,62563.56129,110,33984.34828,350,111993.875,4956,1706309.956,240,74537.1,3000,988181.25,590,199894.95,2769,926123.4675,0,0,90,46578.9114,2783,1329219.069,280,201430.866,52,31881.98417,2722,1584010.625,5497,3688608.621,368,285533.1422,2403,1656565.872,787,430725.4027,2754,1303608.705,89,42996.86417,2133,926386.9825,2375,1237718.975,0,0,685,491595.6426,0,0,0,0,0,0,0,0,0,0,0,0,0,0,0,0,0,0,0,0,0,0,0,0,0,0,0,0,0,0,0,0,0,0,0,0,0,0,0,0,0,0,0,0,0,0,0,0,0,0,0,0,0,0,0,0,0,0,0,0,0,0,0,0,0,0,0,0,0,0,0,0,0,0,0,0,0,0,0,0,0,0,0,0,13000,68513.9,18000,91805.22581,0,0,0,0,0,0,0,0,0,0,0,0,0,0,0,0,45000,484007.1429,0,0,28000,265466.963,3000,25007.03571,25000,180985.5769,6414,42254.63025,0,0,16000,166240.32,1500,26349.9942,5000,51950.1,36608,400161.7768,69000,839550.7232,0,0,31600,822086.1321,2200,58769.63654,35800,878494.8741,0,0,25078,461541.0849,4200,92757.28,0,0,15800,457255.0726,0,0,0,0,0,0,0,0,0,0,0,0,0,0,0,0,0,0,0,0,0,0,0,0,73920,1762761,381200
"Mystic, CT",41.3573,-71.9548,0,0,0,0,0,0,0,0,0,0,0,0,0,0,0,0,0,0,0,0,0,0,0,0,0,0,0,0,0,0,0,0,0,0,0,0,0,0,0,0,0,0,0,0,0,0,0,0,0,0,0,0,0,0,0,0,0,0,0,0,0,0,0,0,180,127924.5545,0,0,60,42491.79375,0,0,80,70270.66667,100,79904.54839,225,149249.444,60,35574.525,230,196165.7422,590,488632.1,0,0,1260,1194711.131,670,679057.8846,1975,2266525.454,250,334664.05,182,244115.0257,567,739594.3748,246,323475.2031,537,779601.8076,190,316857.965,109,172338.81,555,670298.8704,0,0,257,341752.1155,975,1346488.451,39,50053.21028,0,0,0,0,0,0,0,0,0,0,0,0,0,0,0,0,0,0,0,0,0,0,0,0,0,0,0,0,0,0,0,0,0,0,0,0,0,0,0,0,0,0,0,0,0,0,0,0,0,0,0,0,0,0,0,0,0,0,0,0,0,0,0,0,0,0,0,0,0,0,0,0,0,0,0,0,0,0,0,0,0,0,0,0,0,0,0,0,0,0,0,0,0,0,2800,983789.3333,0,0,1940,511219.1,1600,474327,2800,737842,400,108806.1935,2075,641068.3879,2940,940748.55,3360,1156820.309,8410,2611904.213,2100,691726.875,20460,6931950.3,12450,4164043.76,11925,5017433.378,500,258771.73,13155,6283103.433,4674,3362456.67,4998,3064349.171,6551,3812216.606,0,0,4894,3797280.429,4856,3347600.448,1092,597652.02,1350,639023.875,4643,2243083.599,866,376113.9835,968,504468.1971,0,0,0,0,0,0,0,0,0,0,0,0,0,0,0,0,0,0,0,0,0,0,0,0,0,0,0,0,0,0,0,0,0,0,0,0,0,0,0,0,0,0,0,0,0,0,0,0,0,0,0,0,0,0,0,0,0,0,0,0,0,0,0,0,0,0,0,0,0,0,0,0,0,0,0,0,0,0,0,0,0,0,0,0,0,0,0,0,0,0,0,0,17000,96964.39394,0,0,0,0,0,0,0,0,0,0,0,0,23700,229419.3857,27000,290404.2857,73200,472390.9714,18000,170657.3333,176000,1467079.429,77552,561431.7385,87691,577697.3466,4000,39030.336,113700,1181345.274,50900,894143.1365,50900,528852.018,36800,402260.5274,9317,113363.6824,51548,833706.805,46500,1209715.353,0,0,1700,41716.23704,20991,469441.0136,9391,172834.0509,0,0,0,0,0,0,0,0,0,0,0,0,0,0,0,0,0,0,0,0,0,0,0,0,0,0,0,0,0,0,9337,121807,895890
"Nantucket, MA",41.2847051,-70.1002773,5060,4148311.689,5090,2861421.547,3150,1412888.936,1400,838456.8182,3600,1581090,6200,2085693.191,5900,2480965.691,23290,15343160.88,16160,8349808.627,14587,8284252.813,1750,914982.6389,1375,658787.5,6354,3693472.743,23717,9374677.883,13427,6922596.336,19094,9078676.066,22021,12918280.16,24758,11009426.12,33010,14135273.99,39077,12299643.14,41529,15088785.05,34555,18881062.89,24251,14096696.17,32943,18510901.82,48031,23971380.62,40684,20604122.56,31837,17172313.19,38800,22685347.56,36791,27469111.03,31745,24518934.91,27227,17338913.69,43474,31042203.01,41086,29199490.27,34801,22252156.03,22232,15744625.98,27276,23584427.8,49670,43629300.17,41691,33313005.27,30066,19943705.7,36429,21599072.85,33681,28726340.71,52828,43751621.32,15078,12931552.11,26702,25318394.15,25401,25744401.98,23360,26808118.79,28422,38047286.52,17238,23121180.29,9565,12476578.83,17513,23028541.59,11721,17016224.93,15954,26606063.02,6643,10503180.87,7698,9297226.495,9875,12110287.91,8419,11195373.78,7379,10190500.8,3670,4710135.429,1751,2195565.257,4632,5311265.899,80,84997.60426,6242,8063392.871,203,310019.4085,0,0,974,1231985.328,1140,1361820.486,2500,2369207.888,900,863011.625,720,765511.075,430,464262.191,0,0,0,0,0,0,6130,1794829.944,3750,1097979.167,13977,3918243.782,7400,2215921.591,3450,833366.1875,3900,962110.0851,4740,1063030.723,3680,775788.16,80,20667.84314,1460,331665.431,0,0,40,15906.72364,7509,2521916.054,6110,2012595.813,12639,3620180.527,13762,2759288.479,13216,2902178.533,7721,1678544.435,4986,1051108.632,3522,824977.6267,5358,1283557.609,4852,1203364.499,2497,580585.5485,1310,304592.3382,2739,568665.37,5579,1194497.025,8885,2853496.882,8576,2118660.6,18220,3760973.918,5435,1284044.988,6187,1494503.363,4497,1490840.363,2188,768761.0933,4569,1239411.801,6422,1692293.33,7554,2239416.349,2668,703058.02,3771,1025770.39,1018,314509.6959,2049,655644.1425,6753,2325002.247,5815,1805971.819,4655,1533327.906,4067,1377919.935,10394,3476391.232,7423,3123220.793,1549,801674.8195,3720,1776749.888,1287,925862.5877,6376,3909221.751,11253,6548446.568,5231,3510116.736,7737,6003179.134,5825,4015603.914,5092,2786853.558,13360,6323969.607,3926,1896693.132,845,366993.4366,456,237642.0432,569,385994.2793,20,14353.15745,1366,1134661.218,0,0,0,0,405,218783.3288,30,20109.48844,70,32766.00987,1110,520002.9333,1020,489039.9208,650,296179.8802,0,0,0,0,0,0,0,0,0,0,0,0,0,0,0,0,0,0,0,0,0,0,0,0,0,0,0,0,0,0,0,0,0,0,0,0,0,0,0,0,1600,3613.92,0,0,0,0,0,0,0,0,0,0,0,0,0,0,0,0,0,0,0,0,24000,78301.6,0,0,0,0,0,0,0,0,0,0,0,0,0,0,0,0,0,0,512,3057.293241,0,0,1000,10755.71429,12000,77441.14286,14500,137473.963,9000,75021.10714,49578,358916.1173,34000,223987.75,3000,29272.752,38000,394820.76,2500,43916.657,48300,501837.966,131432,1436682.218,55121,670679.3538,46252,748052.4394,34193,889544.0227,24926,665859.982,47285,1160324.864,86000,1923296.993,3000,55212.66667,0,0,0,0,1500,43410.2917,1800,50573.27504,0,0,0,0,0,0,0,0,0,0,723,11642.97108,0,0,0,0,0,0,0,0,0,0,1324857,333450,670222
"New Bedford, MA",41.634989,-70.923805,3541,2902998.358,900,505948.8,1083,485764.6723,0,0,1200,527030,500,168201.0638,4020,1690420.691,2000,1317575,3967,2049733.343,0,0,1800,941125,420,201229.6364,1150,668475.5515,6508,2572433.43,2950,1520939.837,4547,2161974.446,13530,7937165.913,20262,9010137.819,9696,4151942.34,28060,8831998.019,34020,12360530.41,16604,9072526.933,6821,3964931.945,47926,26929954.18,32821,16380351.92,33012,16718692.71,66070,35636986.29,48045,28090657.83,37124,27717737.44,41252,31861871.25,62272,39656548.03,74401,53125338.04,50701,36032793.56,64404,41180651.62,67080,47505825.41,57120,49389298.88,55668,48897843.4,61092,48815286.7,77306,51279455.62,66296,39307478.49,59969,51147232.14,61151,50644646.69,46302,39710619.84,62221,58996921.66,66710,67611867.88,62394,71603842.63,54619,73116062.99,55977,75081465.9,46922,61205021.61,53017,69714166.03,45924,66671198.16,37829,63086420.83,61461,97175372.49,60108,72595179.29,48701,59724874.07,62508,83121561.23,44207,61050476.89,59960,76953602.26,52303,65582324.17,59723,68481160.04,71481,75946421.87,37941,49012045.65,17704,27037357.68,30865,43959039,40027,50629031.54,37494,44789559.04,47585,45095502.94,59161,56729589.72,28302,30090964.51,32627,35226703.5,40961,50477065.54,35678,45726392.46,35838,41464406.41,5201.5,1522970.303,0,0,2700,756904.7872,2250,673759.9432,2300,555577.4583,0,0,2650,594310.4255,0,0,0,0,0,0,0,0,0,0,1300,436608.1863,7000,2305756.25,11850,3394187.772,16550,3318283.995,21710,4767425.542,12624,2744456.022,19255,4059185.06,23147,5421850.404,30569,7323081.85,30595,7587991.929,19968,4642824.282,17097,3975278.784,29205,6063480.15,23529,5037698.603,37311,11982759.95,45969,11356425.97,81886,16902914.94,62395,14741119.97,36030,8703241.663,35953,11919097.97,39587,13909024.41,77679,21071628.21,76145,20065349.68,72280,21427722.23,61684,16254659.26,58562,15929770.77,57595,17793895.81,42449,13582937.14,114087,39279213.88,101451,31507763.88,101937,33577410.69,120169,40713858.05,130857,43766608.37,90250,37972609,110841,57365034.65,166760,79648067.54,42208,30364264.26,102963,63128168,187146,108905676.8,132480,88897011.12,119678,92858791.83,145972,100629310.7,84949,46492620.37,97754,46271955.46,148316,71653066.36,94765,41157553.87,90179,46996319.77,86277,58527993.73,45102,32367805.36,56594,47009529.28,29426,21324029.07,78909,36468198.1,81258,43896038.83,84488,56633681.97,48253,22586546.77,209691,98234175.76,16574,7946419.263,13994,6376524.99,36991,17345142.46,30407,15843294.38,59636,27501215.95,0,0,0,0,0,0,0,0,0,0,0,0,0,0,0,0,0,0,0,0,0,0,0,0,0,0,0,0,28000,45828.69565,0,0,17045,30555.19167,26209,59198.2683,8631,19494.8397,17068,46404.57322,19914,59064.32055,159441,529602.0393,143989,510161.4969,132136,526686.3233,230651,1315584.378,198121,1165353.913,313928,1477227.445,106200,424776.7688,262200,855444.98,237000,799891.3448,123000,648246.9,109000,555931.6452,32000,182521.2121,269702,1194462.564,83500,392919.6875,156094,661067.8459,31586,150613.6295,8400,40802.32258,143314,855767.4289,393683,3810907.68,932543,10030166.07,929868,6000836.719,670062,6352833.005,874845,7292426.72,1009913,7311187.478,643810,4241339.804,1209208,11798948.63,2083327,21645809.2,523753,9200592.341,1413826,14689680.42,2550599,27880578.78,1859510,22625405.29,1524001,24648289.06,1645705,42813647.41,908547,24270444.08,1086897,26671325.23,1623701,36312316.86,987163,18167967.22,935642,20663715.95,875452,27255825.69,535036,15484045.89,567084,15932941.72,354726,8315688.441,1030970,21761806.81,941333,18161196.4,1118218,25888619.72,523934,8823669.008,2219308,35739057.91,93226,2505387.894,69616,1577221.198,302273,7362925.761,264710,7283514.902,667810,30796141.63,29790557,4125387.5,36227428
"New Haven, CT",41.3112,-72.9245,0,0,0,0,0,0,0,0,0,0,0,0,0,0,0,0,0,0,0,0,0,0,0,0,0,0,0,0,0,0,0,0,0,0,0,0,0,0,1800,566557.25,0,0,0,0,0,0,0,0,0,0,0,0,0,0,0,0,0,0,0,0,0,0,0,0,0,0,0,0,0,0,0,0,0,0,0,0,0,0,0,0,0,0,0,0,0,0,0,0,0,0,0,0,0,0,0,0,0,0,0,0,0,0,0,0,0,0,0,0,0,0,0,0,0,0,0,0,0,0,64,73385.36649,0,0,0,0,0,0,0,0,0,0,0,0,0,0,0,0,0,0,0,0,0,0,0,0,0,0,0,0,0,0,0,0,0,0,0,0,0,0,0,0,0,0,0,0,0,0,0,0,0,0,0,0,0,0,0,0,0,0,0,0,0,0,700,147568.4,200,46847.11111,0,0,0,0,0,0,0,0,0,0,0,0,0,0,0,0,0,0,0,0,0,0,0,0,0,0,0,0,0,0,0,0,0,0,0,0,0,0,0,0,0,0,0,0,0,0,0,0,0,0,0,0,0,0,0,0,0,0,0,0,0,0,0,0,0,0,0,0,0,0,0,0,0,0,0,0,0,0,1103,748245.501,0,0,0,0,0,0,0,0,0,0,0,0,0,0,0,0,0,0,0,0,0,0,0,0,0,0,0,0,0,0,0,0,0,0,0,0,0,0,0,0,0,0,0,0,0,0,0,0,0,0,0,0,0,0,0,0,0,0,0,0,0,0,0,0,0,0,0,0,0,0,0,0,0,0,0,0,0,0,0,0,0,0,0,0,0,0,0,0,0,0,0,0,0,0,0,0,0,0,0,0,0,0,0,0,0,0,0,0,0,0,0,0,0,0,0,0,0,0,0,0,0,0,0,0,0,0,0,0,0,0,0,0,0,0,0,0,0,0,0,0,0,0,0,0,1652,51432.43038,0,0,0,0,0,0,0,0,0,0,0,0,0,0,0,0,0,0,0,0,0,0,0,0,0,0,1864,2003,1652
"New London, CT",41.3502,-72.1023,0,0,0,0,0,0,0,0,3100,1361494.167,0,0,0,0,0,0,0,0,0,0,0,0,0,0,0,0,0,0,0,0,0,0,0,0,0,0,131,56095.75563,4099,1290176.76,44,15986.57667,122,66661.54456,88,51152.91176,4046,2273475.663,231,115287.8125,3266,1654042.481,7661,4132207.537,6732,3936024.737,550,410644.2083,7441,5747216.716,5423,3453517.792,10860,7754481.406,3690,2622453.368,11900,7608995.625,2165,1533245.558,4440,3839084.156,6038,5303678.567,5005,3999222.647,4395,2915339.139,4480,2656231.2,2610,2226054.727,1908,1580186.52,2974,2550632.444,5802,5501360.304,4450,4510160.577,2170,2490308.98,3651,4887433.786,3559,4773655.915,15,19565.98875,3240,4260405.114,3373,4896828.486,1725,2876736.788,658,1040357.22,3699,4467451.391,796,976181.1823,1677,2230032.287,528,729175.2844,1598,2050898.206,1496,1875822.744,917,1051474.704,0,0,53,68465.20701,35,53451.62216,41,58393.66917,19,24032.568,1701,2031979.515,1091,1033922.322,1306,1252325.758,40,42528.39306,103,111206.9899,266,327797.1591,190,243511.8159,1450,1677643.543,0,0,0,0,0,0,1050,314421.3068,0,0,600,148016.9362,0,0,0,0,0,0,0,0,0,0,0,0,0,0,0,0,0,0,0,0,979,214984.3208,406,88264.34925,2763,582473.556,5933,1389719.551,3985,954642.9773,5483,1359861.407,2804,651967.1118,3321,772176.4544,7693,1597204.342,10264,2197583.343,15237,4893498.255,18065,4462873.57,12300,2538967.025,25196,5952676.636,11920,2879340.567,15320,5078869.103,20010,7030580.2,26080,7074602.706,26600,7009499,28670,8499346.931,33585,8850151.275,32960,8965630.348,33955,10490350.42,41430,13256874.98,44930,15469028.72,56335,17496031.37,39007,12848662.01,85626,29010516.93,67988,22739358,38385,16150455.36,40490,20955334.7,71161,33987983.53,3927,2825067.896,37380,22918241.7,52697,30665910.32,44079,29577984.25,48852,37904524.63,61693,42529554.04,50152,27448208.89,38355,18155378.32,16409,7927365.664,24375,10586349.13,13658,7117796.111,7828,5310304.426,3588,2574956.446,36180,30052740.03,4430,3210271.488,8239,3807696.006,16683,9012252.527,8547,5729193.256,43705,20457692.3,26756,12534413.05,5272,2527665.159,5543,2525730.886,3803,1783233.132,1700,885769.7386,2430,1120597.538,0,0,0,0,0,0,0,0,0,0,0,0,0,0,0,0,0,0,0,0,0,0,0,0,0,0,0,0,0,0,0,0,0,0,0,0,2260,5104.662,23293,63329.13781,14379,42647.67827,0,0,0,0,0,0,0,0,0,0,0,0,56000,223987.75,20000,65251.33333,16000,54001.10345,0,0,55000,280515.9677,138500,789974.6212,192000,850334.1176,0,0,16000,67761,46000,219344.8667,0,0,72100,430528.9897,378500,3663934.071,335200,3605315.429,472200,3047308.971,216500,2052628.481,650890,5425609.825,586624,4246819.323,264000,1739199,378730,3695489.788,603831,6273816.167,9100,159856.6315,552191,5737275.534,669873,7322376.801,520253,6330127.281,334872,5416021.285,600786,15629678.45,323981,8654657.098,365579,8970929.541,107079,2394706.031,152634,2809110.055,83082,1834871.509,62892,1958043.833,6800,196793.3224,157300,4419542.314,43600,1022095.973,41705,880312.8637,158600,3059879.713,68573,1587579.81,324006,5456644.731,120074,1933635.007,15200,408490.0778,5000,113280.0792,33054,805146.8312,2200,60533.16,11500,530323.9375,149048,1396812,9307941
"New Suffolk, NY",40.992492,-72.476389,0,0,0,0,0,0,0,0,0,0,0,0,0,0,0,0,0,0,0,0,0,0,0,0,0,0,0,0,0,0,0,0,0,0,0,0,0,0,0,0,0,0,0,0,0,0,0,0,0,0,0,0,0,0,0,0,0,0,0,0,0,0,0,0,0,0,0,0,0,0,195,168608.4258,70,61486.83333,260,207751.8258,0,0,200,118581.75,0,0,0,0,0,0,0,0,300,304055.7692,300,344282.3475,0,0,0,0,0,0,0,0,0,0,0,0,0,0,0,0,0,0,0,0,0,0,0,0,0,0,0,0,0,0,0,0,0,0,0,0,0,0,0,0,0,0,0,0,0,0,0,0,0,0,0,0,0,0,0,0,0,0,0,0,0,0,0,0,0,0,0,0,0,0,0,0,0,0,0,0,0,0,0,0,0,0,0,0,0,0,0,0,0,0,0,0,0,0,0,0,0,0,0,0,0,0,0,0,0,0,0,0,0,0,0,0,0,0,0,0,0,0,0,0,0,0,1100,289866.5,450,133404.4688,530,139662.95,1200,326418.5806,0,0,2000,639965,0,0,450,139757.0625,2900,955241.875,0,0,200,66892.26923,300,126224.7391,0,0,0,0,1385,996363.3908,0,0,0,0,0,0,0,0,0,0,0,0,0,0,0,0,0,0,0,0,0,0,0,0,0,0,0,0,0,0,0,0,0,0,0,0,0,0,0,0,0,0,0,0,0,0,0,0,0,0,0,0,0,0,0,0,0,0,0,0,0,0,0,0,0,0,0,0,0,0,0,0,0,0,0,0,0,0,0,0,0,0,0,0,0,0,0,0,0,0,0,0,0,0,0,0,0,0,0,0,0,0,0,0,0,0,0,0,0,0,0,0,0,0,0,0,0,0,0,0,0,0,6945,33734.77742,0,0,16000,154882.2857,0,0,0,0,0,0,0,0,1500,10859.13462,2500,16469.6875,0,0,0,0,10500,184449.9594,0,0,0,0,0,0,0,0,0,0,0,0,0,0,0,0,0,0,0,0,0,0,0,0,0,0,0,0,0,0,0,0,0,0,0,0,0,0,0,0,0,0,0,0,0,0,0,0,1325,10515,37445
"New York, NY",40.704134,-74.015014,0,0,0,0,0,0,0,0,0,0,0,0,0,0,0,0,0,0,0,0,0,0,0,0,0,0,0,0,0,0,0,0,0,0,0,0,0,0,6120,1926294.65,2200,799328.8333,0,0,2320,1348576.765,0,0,0,0,600,303865.7344,0,0,0,0,0,0,1700,1313031.638,580,369360.1917,57,40700.31677,1450,1030503.356,350,223793.989,0,0,0,0,350,307434.1667,0,0,150,99499.62931,100,59290.875,0,0,130,107664.7,0,0,0,0,0,0,0,0,0,0,0,0,0,0,0,0,0,0,0,0,0,0,0,0,0,0,0,0,0,0,0,0,0,0,0,0,0,0,0,0,0,0,0,0,1269,1605122.568,1598,1908937.839,760,720239.198,0,0,1176,1250334.756,1400,1511551.319,0,0,0,0,0,0,0,0,0,0,0,0,0,0,0,0,0,0,0,0,0,0,0,0,0,0,0,0,0,0,0,0,0,0,0,0,0,0,1100,241555.4167,0,0,2600,548111.2,750,175676.6667,500,119779.5455,0,0,300,69753.97059,0,0,1100,228379.6667,0,0,0,0,1000,247045.3125,0,0,2200,519760.6207,8675,2095493.24,2493,826476.5453,0,0,4810,1304786.772,0,0,1450,429858.8438,1700,447975.5,0,0,280,86505.61379,2900,927949.25,0,0,1650,512442.5625,0,0,0,0,0,0,0,0,0,0,0,0,0,0,0,0,0,0,0,0,0,0,0,0,0,0,0,0,0,0,0,0,0,0,0,0,0,0,0,0,0,0,0,0,0,0,37,24801.70241,475,222340.7813,0,0,130,62328.61736,900,410095.2188,0,0,0,0,500,230575.625,0,0,0,0,0,0,0,0,0,0,0,0,0,0,0,0,0,0,0,0,0,0,0,0,0,0,0,0,0,0,0,0,0,0,0,0,0,0,0,0,0,0,0,0,0,0,0,0,0,0,0,0,0,0,0,0,0,0,18900,63788.80345,31400,165487.42,0,0,0,0,0,0,0,0,0,0,0,0,0,0,0,0,30000,290404.2857,0,0,15000,96801.42857,0,0,0,0,0,0,0,0,0,0,0,0,0,0,0,0,0,0,0,0,0,0,0,0,0,0,0,0,0,0,0,0,0,0,0,0,0,0,0,0,0,0,0,0,0,0,0,0,0,0,0,0,0,0,0,0,0,0,0,0,0,0,22310,35550,95300
"Newark, NJ",40.688371,-74.148776,0,0,0,0,0,0,0,0,0,0,0,0,0,0,0,0,0,0,0,0,0,0,0,0,0,0,0,0,0,0,0,0,0,0,0,0,0,0,0,0,0,0,0,0,0,0,0,0,0,0,0,0,0,0,0,0,0,0,0,0,0,0,0,0,0,0,0,0,750,531147.4219,300,259397.5781,0,0,40,31961.81935,0,0,0,0,0,0,0,0,0,0,0,0,0,0,0,0,0,0,0,0,0,0,0,0,0,0,0,0,0,0,0,0,0,0,0,0,0,0,0,0,0,0,0,0,0,0,0,0,0,0,0,0,0,0,0,0,0,0,0,0,0,0,0,0,0,0,0,0,0,0,0,0,0,0,0,0,0,0,0,0,0,0,0,0,0,0,0,0,0,0,0,0,0,0,0,0,0,0,0,0,0,0,0,0,0,0,0,0,0,0,0,0,0,0,0,0,0,0,0,0,0,0,0,0,0,0,0,0,0,0,0,0,0,0,0,0,0,0,0,0,1900,563263.3125,0,0,2460,669158.0903,0,0,0,0,0,0,0,0,0,0,0,0,0,0,0,0,0,0,0,0,0,0,0,0,0,0,0,0,0,0,0,0,0,0,0,0,0,0,0,0,0,0,0,0,0,0,0,0,0,0,0,0,0,0,0,0,0,0,0,0,0,0,0,0,0,0,0,0,0,0,0,0,0,0,0,0,0,0,0,0,0,0,0,0,0,0,0,0,0,0,0,0,0,0,0,0,0,0,0,0,0,0,0,0,0,0,0,0,0,0,0,0,0,0,0,0,0,0,0,0,0,0,0,0,0,0,0,0,0,0,0,0,0,0,0,0,0,0,0,0,0,0,0,0,0,0,0,0,0,0,0,0,0,0,0,0,0,0,0,0,0,0,0,0,0,0,0,0,0,0,0,0,0,0,0,0,0,0,0,0,0,0,0,0,0,0,0,0,0,0,0,0,0,0,0,0,0,0,0,0,0,0,0,0,0,0,0,0,0,0,0,0,0,0,0,0,1090,4360,0
"Newburgh, NY",41.501199,-74.005756,0,0,0,0,0,0,0,0,0,0,0,0,0,0,0,0,0,0,0,0,0,0,0,0,0,0,0,0,0,0,0,0,0,0,0,0,0,0,0,0,0,0,0,0,0,0,0,0,0,0,0,0,0,0,0,0,0,0,140,108132.0172,0,0,30,21421.21935,0,0,0,0,0,0,4630,4003369.289,0,0,0,0,0,0,0,0,0,0,0,0,0,0,0,0,0,0,0,0,0,0,0,0,0,0,0,0,0,0,0,0,0,0,0,0,0,0,0,0,0,0,0,0,0,0,0,0,0,0,0,0,0,0,0,0,0,0,0,0,0,0,0,0,0,0,0,0,0,0,0,0,0,0,0,0,0,0,0,0,0,0,0,0,0,0,0,0,0,0,0,0,0,0,0,0,0,0,0,0,0,0,0,0,0,0,0,0,0,0,0,0,0,0,0,0,0,0,0,0,0,0,0,0,0,0,0,0,0,0,0,0,1060,250430.1172,0,0,2100,696189.629,0,0,0,0,0,0,2360,699632.325,0,0,0,0,0,0,0,0,0,0,0,0,0,0,0,0,0,0,0,0,0,0,0,0,0,0,0,0,0,0,0,0,0,0,0,0,0,0,0,0,0,0,0,0,0,0,0,0,0,0,0,0,0,0,0,0,0,0,0,0,0,0,0,0,0,0,0,0,0,0,0,0,0,0,0,0,0,0,0,0,0,0,0,0,0,0,0,0,0,0,0,0,0,0,0,0,0,0,0,0,0,0,0,0,0,0,0,0,0,0,0,0,0,0,0,0,0,0,0,0,0,0,0,0,0,0,0,0,0,0,0,0,0,0,0,0,11000,56103.19355,0,0,0,0,0,0,20000,84701.25,0,0,0,0,0,0,0,0,0,0,0,0,0,0,0,0,0,0,0,0,0,0,0,0,0,0,0,0,0,0,0,0,0,0,0,0,0,0,0,0,0,0,0,0,0,0,0,0,0,0,0,0,0,0,0,0,0,0,0,0,0,0,0,0,0,0,0,0,0,0,0,0,0,0,4800,5520,31000
"Newburyport, MA",42.8124,-70.8879,0,0,0,0,0,0,0,0,0,0,0,0,0,0,0,0,0,0,0,0,0,0,0,0,0,0,0,0,0,0,0,0,0,0,0,0,0,0,0,0,0,0,0,0,0,0,0,0,0,0,0,0,0,0,0,0,0,0,0,0,0,0,0,0,0,0,6300,4028291.801,0,0,550,475562.2266,100,87838.33333,520,415503.6516,0,0,600,355745.25,260,221752.5781,0,0,0,0,0,0,0,0,0,0,0,0,0,0,0,0,0,0,0,0,0,0,0,0,0,0,0,0,0,0,0,0,0,0,0,0,0,0,0,0,0,0,0,0,0,0,321,406023.912,93,111095.8818,228,216071.7594,0,0,0,0,0,0,0,0,0,0,0,0,0,0,0,0,0,0,0,0,0,0,0,0,0,0,0,0,0,0,0,0,0,0,0,0,0,0,0,0,0,0,0,0,0,0,0,0,0,0,0,0,0,0,0,0,0,0,0,0,0,0,0,0,0,0,0,0,0,0,0,0,0,0,2100,696189.629,0,0,4500,1220694.485,0,0,5850,1734258.094,2600,685139,5500,1496085.161,0,0,1300,415977.25,2750,946802.3366,0,0,0,0,0,0,0,0,0,0,0,0,0,0,0,0,0,0,0,0,0,0,0,0,0,0,0,0,0,0,0,0,0,0,0,0,0,0,0,0,0,0,0,0,0,0,61,32952.55075,0,0,180,84255.45395,0,0,0,0,0,0,0,0,0,0,0,0,0,0,0,0,0,0,0,0,0,0,0,0,0,0,0,0,0,0,0,0,0,0,0,0,0,0,0,0,0,0,0,0,0,0,0,0,0,0,0,0,0,0,0,0,0,0,0,0,0,0,0,0,0,0,0,0,0,0,0,0,0,0,0,0,0,0,0,0,0,0,0,0,0,0,44000,213726.4516,0,0,10400,100673.4857,22000,236625.7143,0,0,0,0,0,0,0,0,0,0,0,0,0,0,0,0,0,0,0,0,0,0,0,0,0,0,0,0,0,0,0,0,0,0,0,0,0,0,0,0,0,0,0,0,0,0,0,0,0,0,0,0,0,0,0,0,0,0,0,0,0,0,0,0,8972,24841,76400
"Newport, RI",41.4803,-71.3205,0,0,0,0,0,0,0,0,0,0,0,0,0,0,0,0,0,0,0,0,0,0,0,0,0,0,200,79054.5,0,0,0,0,0,0,0,0,2100,899244.9375,1900,598032.6528,4200,1525991.409,0,0,2000,1162566.176,0,0,2300,1147887.311,0,0,2800,1510270.344,0,0,4900,3658466.583,3400,2626063.276,0,0,1900,1356677.226,2270,1613270.771,3250,2078087.04,5180,3668458.194,2462,2128789.458,5260,4620296.333,2297,1835407.476,4210,2792622.929,2050,1215462.938,3880,3309230.781,2580,2136730.2,2501,2144966.961,2360,2237712.913,1900,1925686.538,1100,1262368.608,0,0,1700,2280195.295,500,652199.625,0,0,0,0,344,573679.684,700,1106763,0,0,0,0,381,506644.1868,870,1201482.003,0,0,0,0,0,0,0,0,0,0,0,0,0,0,0,0,0,0,0,0,0,0,0,0,0,0,0,0,0,0,0,0,0,0,0,0,0,0,0,0,0,0,0,0,0,0,0,0,0,0,0,0,0,0,0,0,0,0,0,0,0,0,0,0,0,0,0,0,1000,210812,1300,304506.2222,1450,347360.6818,1450,359620.4706,0,0,0,0,0,0,0,0,0,0,0,0,0,0,0,0,0,0,3600,1193467.935,1130,397029.2667,2600,705290.1471,3400,895951,2680,794497.725,2500,658787.5,15,4080.232258,620,191548.1448,50,15999.125,1115,383885.311,2315,718972.4438,220,72466.625,4100,1389100.5,0,0,0,0,2400,1242104.304,1765,843000.9547,1750,1258942.913,0,0,1080,628483.275,3217,2158678.176,0,0,0,0,0,0,52,24614.25296,956,461853.9567,0,0,0,0,0,0,0,0,0,0,0,0,0,0,0,0,0,0,0,0,0,0,0,0,0,0,0,0,0,0,0,0,0,0,0,0,0,0,0,0,0,0,0,0,0,0,0,0,0,0,0,0,0,0,0,0,0,0,0,0,0,0,0,0,0,0,0,0,0,0,0,0,0,0,0,0,0,0,0,0,0,0,0,0,0,0,0,0,0,0,0,0,0,0,0,0,14000,79853.0303,0,0,0,0,11000,46585.6875,0,0,0,0,0,0,0,0,11000,118312.8571,23000,148428.8571,2000,18961.92593,23160,193054.3157,0,0,0,0,0,0,31365,325882.9773,21000,368899.9188,0,0,10286,112436.1898,13636,165914.6908,0,0,0,0,0,0,700,17177.27407,0,0,0,0,0,0,0,0,0,0,0,0,0,0,0,0,0,0,0,0,0,0,0,0,0,0,0,0,0,0,0,0,0,0,71495,40765,161147
"Norwich, CT",41.5495,-72.0882,0,0,0,0,0,0,0,0,0,0,0,0,0,0,0,0,0,0,0,0,0,0,0,0,0,0,0,0,0,0,0,0,78,45757.4975,0,0,0,0,0,0,0,0,2154,1176958.746,0,0,2110,1185623.739,0,0,0,0,2131,1149423.608,252,147337.8244,12,8959.51,180,139026.8793,0,0,420,299897.071,150,106603.7955,440,281341.0147,160,113311.45,220,190224.8906,335,294258.4167,0,0,0,0,200,118581.75,0,0,80,66255.2,0,0,0,0,0,0,40,45904.313,0,0,0,0,0,0,0,0,0,0,0,0,0,0,0,0,0,0,0,0,0,0,0,0,0,0,0,0,0,0,0,0,0,0,0,0,0,0,0,0,0,0,0,0,0,0,0,0,0,0,0,0,0,0,0,0,0,0,0,0,0,0,0,0,0,0,0,0,0,0,0,0,0,0,0,0,0,0,0,0,0,0,0,0,0,0,744,163379.3,827,179789.6966,777,163800.924,0,0,0,0,0,0,0,0,54,12555.71471,0,0,0,0,0,0,1483,366368.1984,1500,309630.125,1320,311856.3724,0,0,2450,812221.2339,2050,720274.3333,3650,990118.8603,2400,632436,1880,557334.225,3350,882775.25,1600,435224.7742,0,0,1600,511972,0,0,1800,559028.25,0,0,0,0,0,0,900,378674.2172,0,0,0,0,0,0,0,0,0,0,0,0,0,0,0,0,0,0,0,0,0,0,0,0,0,0,0,0,0,0,0,0,0,0,0,0,0,0,0,0,0,0,0,0,0,0,0,0,0,0,0,0,0,0,0,0,0,0,0,0,0,0,0,0,0,0,0,0,0,0,0,0,0,0,0,0,0,0,0,0,0,0,0,0,0,0,0,0,0,0,0,0,0,0,0,0,0,0,0,0,0,0,0,0,0,0,0,0,0,0,14000,45675.93333,0,0,0,0,11000,56103.19355,17000,96964.39394,34000,150580,15000,70584.375,0,0,0,0,0,0,0,0,12800,123905.8286,0,0,17000,109708.2857,0,0,0,0,0,0,5000,32939.375,0,0,0,0,0,0,0,0,0,0,0,0,0,0,0,0,0,0,0,0,0,0,0,0,0,0,0,0,0,0,0,0,0,0,0,0,0,0,0,0,0,0,0,0,0,0,0,0,0,0,0,0,0,0,8962,28385,125800
"Orleans, MA",41.7899,-70.0009,0,0,0,0,0,0,0,0,0,0,0,0,0,0,0,0,0,0,0,0,0,0,0,0,0,0,0,0,0,0,0,0,0,0,0,0,0,0,0,0,0,0,0,0,0,0,0,0,0,0,0,0,0,0,0,0,0,0,0,0,0,0,0,0,0,0,0,0,0,0,0,0,0,0,0,0,0,0,0,0,0,0,0,0,0,0,0,0,0,0,0,0,0,0,210,281671.1835,275,358709.7938,605,795538.6093,149,216314.0956,280,466948.58,580,917032.2,113,136475.2655,396,485637.8746,484,643610.988,446,615932.1531,476,610905.8485,45,56425.14938,0,0,0,0,0,0,0,0,0,0,0,0,0,0,0,0,0,0,0,0,0,0,0,0,0,0,0,0,0,0,0,0,0,0,0,0,0,0,0,0,0,0,0,0,0,0,0,0,0,0,0,0,0,0,0,0,0,0,0,0,0,0,0,0,0,0,0,0,0,0,0,0,0,0,0,0,0,0,0,0,0,0,0,0,0,0,0,0,0,0,0,0,0,0,0,0,0,0,0,0,0,0,0,0,0,0,0,0,0,0,0,0,0,0,0,0,0,0,0,0,0,0,0,0,0,0,127,77865.61519,0,0,290,194596.4163,678,526063.7783,313,215774.0816,160,87568.06154,564,266969.9744,70,33817.75833,733,318350.5195,0,0,0,0,0,0,0,0,0,0,0,0,0,0,0,0,0,0,0,0,0,0,0,0,0,0,0,0,0,0,0,0,0,0,0,0,0,0,0,0,0,0,0,0,0,0,0,0,0,0,0,0,0,0,0,0,0,0,0,0,0,0,0,0,0,0,0,0,0,0,0,0,0,0,0,0,0,0,0,0,0,0,0,0,0,0,0,0,0,0,0,0,0,0,0,0,0,0,0,0,0,0,0,0,0,0,0,0,0,0,0,0,0,0,0,0,0,0,0,0,0,0,0,0,0,0,0,0,0,0,0,0,0,0,3600,58224.26667,2100,54632.30625,800,21370.77692,0,0,0,0,0,0,0,0,0,0,0,0,0,0,0,0,0,0,0,0,0,0,0,0,0,0,0,0,0,0,0,0,0,0,0,0,4059,2935,6500
"Plymouth, MA",41.9539,-70.6693,0,0,0,0,0,0,0,0,0,0,0,0,0,0,0,0,0,0,0,0,0,0,0,0,0,0,0,0,0,0,0,0,0,0,0,0,0,0,0,0,2000,726662.5758,2000,1092812.206,0,0,2300,1292386.066,0,0,2000,1012885.781,4700,2535096.648,0,0,4000,2986503.333,0,0,200,127365.5833,0,0,1300,923899.5606,150,95911.70956,80,56655.725,0,0,450,395272.5,329,262885.9642,2546,1688840.375,470,278667.1125,510,434976.2109,790,654270.1,3730,3199011.101,0,0,500,506759.6154,0,0,0,0,0,0,0,0,0,0,0,0,0,0,0,0,0,0,0,0,0,0,0,0,0,0,0,0,0,0,0,0,0,0,0,0,0,0,0,0,0,0,0,0,0,0,0,0,0,0,0,0,0,0,0,0,0,0,0,0,0,0,0,0,0,0,0,0,0,0,0,0,0,0,0,0,0,0,0,0,0,0,0,0,0,0,0,0,0,0,0,0,0,0,0,0,0,0,0,0,0,0,0,0,0,0,0,0,0,0,0,0,0,0,0,0,3500,845443.9583,0,0,1300,456759.3333,2250,610347.2426,2720,716760.8,2300,681845.0625,2000,527030,163,44338.52387,68,21008.50621,55,17599.0375,35,12050.21156,0,0,30,9881.8125,0,0,0,0,0,0,0,0,0,0,0,0,0,0,0,0,0,0,0,0,0,0,0,0,0,0,0,0,0,0,0,0,0,0,0,0,0,0,0,0,0,0,0,0,0,0,0,0,0,0,0,0,0,0,0,0,0,0,0,0,0,0,0,0,0,0,0,0,0,0,0,0,0,0,0,0,0,0,0,0,0,0,0,0,0,0,0,0,0,0,0,0,0,0,0,0,0,0,0,0,0,0,0,0,0,0,0,0,0,0,0,0,0,0,0,0,0,0,0,0,0,0,0,0,0,0,0,0,0,0,0,0,0,0,0,0,0,0,500,4840.071429,0,0,0,0,0,0,0,0,0,0,0,0,0,0,0,0,0,0,0,0,0,0,0,0,0,0,0,0,0,0,0,0,0,0,0,0,0,0,0,0,0,0,0,0,0,0,0,0,0,0,0,0,0,0,0,0,0,0,0,0,0,0,0,0,0,0,28055,14421,500
"Portland, ME",43.6772,-70.2713,0,0,0,0,0,0,0,0,0,0,0,0,0,0,0,0,0,0,0,0,0,0,0,0,0,0,0,0,0,0,0,0,0,0,0,0,0,0,0,0,0,0,0,0,0,0,0,0,0,0,0,0,0,0,0,0,0,0,0,0,0,0,0,0,0,0,0,0,2100,1487212.781,0,0,0,0,300,239713.6452,0,0,0,0,0,0,0,0,0,0,0,0,0,0,0,0,0,0,0,0,0,0,0,0,0,0,0,0,0,0,0,0,0,0,0,0,0,0,0,0,0,0,0,0,0,0,0,0,0,0,0,0,0,0,0,0,0,0,0,0,0,0,0,0,0,0,0,0,0,0,0,0,0,0,0,0,0,0,0,0,0,0,0,0,0,0,0,0,0,0,0,0,0,0,0,0,0,0,0,0,0,0,0,0,0,0,0,0,0,0,0,0,0,0,0,0,0,0,0,0,0,0,0,0,0,0,0,0,0,0,0,0,0,0,0,0,0,0,0,0,0,0,0,0,2800,761643.3548,0,0,0,0,0,0,0,0,0,0,0,0,0,0,0,0,0,0,0,0,0,0,0,0,0,0,0,0,0,0,0,0,0,0,0,0,0,0,0,0,0,0,0,0,0,0,0,0,0,0,0,0,0,0,0,0,0,0,0,0,0,0,0,0,0,0,0,0,0,0,0,0,0,0,0,0,0,0,0,0,0,0,0,0,0,0,0,0,0,0,0,0,0,0,0,0,0,0,0,0,0,0,0,0,0,0,0,0,0,0,0,0,0,0,0,0,0,0,0,0,0,0,0,0,0,0,0,0,0,0,0,0,0,0,0,0,0,0,0,0,0,0,0,0,0,0,0,0,0,0,0,0,0,0,0,0,0,0,0,0,0,0,0,0,0,0,0,0,0,0,0,0,0,0,0,0,0,0,0,0,0,0,0,0,0,0,0,0,0,0,0,0,0,0,0,0,0,0,0,0,0,0,0,0,0,0,0,0,0,0,0,0,0,0,0,0,2400,2800,0
"Portsmouth, NH",43.058,-70.7826,0,0,0,0,0,0,0,0,0,0,0,0,0,0,0,0,0,0,0,0,0,0,0,0,0,0,0,0,0,0,0,0,0,0,0,0,0,0,0,0,0,0,0,0,0,0,0,0,0,0,0,0,0,0,0,0,0,0,0,0,450,286572.5625,250,178510.1613,3000,2132075.909,0,0,250,177049.1406,500,432329.2969,0,0,0,0,472,313092.1669,0,0,0,0,2000,1656380,0,0,0,0,1300,1317575,0,0,0,0,0,0,0,0,0,0,0,0,0,0,0,0,0,0,0,0,0,0,0,0,0,0,0,0,0,0,0,0,0,0,0,0,0,0,0,0,0,0,0,0,0,0,0,0,0,0,0,0,0,0,0,0,0,0,0,0,0,0,0,0,0,0,0,0,0,0,0,0,0,0,0,0,0,0,0,0,0,0,0,0,0,0,0,0,0,0,0,0,0,0,0,0,0,0,0,0,0,0,0,0,0,0,0,0,0,0,0,0,0,0,0,0,1550,374410.8958,2100,696189.629,0,0,0,0,0,0,1250,370567.9688,0,0,0,0,2030,627165.7,0,0,0,0,0,0,0,0,0,0,0,0,0,0,0,0,0,0,0,0,0,0,0,0,0,0,0,0,0,0,0,0,0,0,0,0,0,0,0,0,0,0,0,0,0,0,0,0,0,0,0,0,0,0,0,0,0,0,0,0,0,0,0,0,0,0,0,0,0,0,0,0,0,0,0,0,0,0,0,0,0,0,0,0,0,0,0,0,0,0,0,0,0,0,0,0,0,0,0,0,0,0,0,0,0,0,0,0,0,0,0,0,0,0,0,0,0,0,0,0,0,0,0,0,0,0,0,0,0,0,7000,35702.03226,0,0,0,0,0,0,0,0,0,0,0,0,15000,89569.13793,0,0,0,0,0,0,0,0,0,0,0,0,0,0,0,0,0,0,0,0,0,0,0,0,0,0,0,0,0,0,0,0,0,0,0,0,0,0,0,0,0,0,0,0,0,0,0,0,0,0,0,0,0,0,0,0,0,0,0,0,0,0,0,0,0,0,0,0,8222,6930,22000
"Poughkeepsie, NY",41.6949,-73.921,0,0,0,0,0,0,0,0,0,0,0,0,0,0,0,0,0,0,0,0,0,0,0,0,0,0,0,0,0,0,0,0,0,0,0,0,0,0,0,0,0,0,0,0,0,0,0,0,0,0,0,0,0,0,0,0,0,0,0,0,0,0,1000,714040.6452,800,568553.5758,1300,831234.8162,200,141639.3125,2360,2040594.281,1550,1361494.167,600,479427.2903,0,0,1770,1049448.488,700,597026.1719,0,0,0,0,0,0,0,0,0,0,0,0,0,0,0,0,0,0,0,0,0,0,0,0,0,0,0,0,0,0,0,0,0,0,0,0,0,0,0,0,0,0,0,0,0,0,0,0,0,0,0,0,0,0,0,0,0,0,0,0,0,0,0,0,0,0,0,0,0,0,0,0,0,0,0,0,0,0,0,0,0,0,0,0,0,0,0,0,0,0,0,0,0,0,0,0,0,0,0,0,0,0,0,0,0,0,0,0,0,0,0,0,0,0,0,0,0,0,0,0,0,0,0,0,0,0,0,0,2000,702706.6667,2900,786669.7794,2600,685139,2240,664057.8,10700,2819610.5,2000,544030.9677,0,0,5700,1823900.25,1600,550866.814,0,0,0,0,0,0,0,0,0,0,0,0,0,0,0,0,0,0,0,0,0,0,0,0,0,0,0,0,0,0,0,0,0,0,0,0,0,0,0,0,0,0,0,0,0,0,0,0,0,0,0,0,0,0,0,0,0,0,0,0,0,0,0,0,0,0,0,0,0,0,0,0,0,0,0,0,0,0,0,0,0,0,0,0,0,0,0,0,0,0,0,0,0,0,0,0,0,0,0,0,0,0,0,0,0,0,0,0,0,0,0,0,0,0,0,0,0,0,0,0,0,0,0,0,0,0,0,0,0,0,3000,13286.47059,20000,94112.5,0,0,30000,143051,0,0,0,0,45700,442382.5286,13000,139824.2857,0,0,0,0,0,0,0,0,0,0,0,0,0,0,0,0,0,0,0,0,0,0,0,0,0,0,0,0,0,0,0,0,0,0,0,0,0,0,0,0,0,0,0,0,0,0,0,0,0,0,0,0,0,0,0,0,0,0,0,0,0,0,0,0,10280,29740,111700
"Providence, RI",41.8229,-71.4186,0,0,0,0,0,0,0,0,0,0,0,0,0,0,0,0,0,0,0,0,0,0,0,0,0,0,0,0,0,0,0,0,0,0,0,0,0,0,0,0,0,0,0,0,0,0,0,0,0,0,0,0,0,0,0,0,0,0,0,0,0,0,0,0,60,42641.51818,200,127882.2794,2100,1487212.781,80,69172.6875,0,0,1530,1222539.59,0,0,340,201588.975,3350,2857196.68,650,538323.5,270,231563.8063,610,578391.8969,0,0,2300,2639497.998,199,266392.5838,0,0,0,0,2182,2869198.753,0,0,0,0,500,790545,0,0,0,0,0,0,0,0,0,0,0,0,0,0,0,0,0,0,0,0,0,0,0,0,0,0,0,0,0,0,0,0,0,0,0,0,0,0,0,0,0,0,0,0,0,0,0,0,0,0,0,0,0,0,0,0,0,0,0,0,0,0,0,0,0,0,0,0,0,0,0,0,0,0,0,0,0,0,0,0,0,0,0,0,0,0,0,0,0,0,0,0,0,0,0,0,0,0,0,0,0,0,0,0,1440,505948.8,1200,325518.5294,0,0,1320,391319.775,0,0,8100,2203325.419,0,0,3860,1235132.45,10200,3511775.939,3450,1071470.813,10700,3524513.125,8950,3032304.75,0,0,5360,2255215.338,3400,1759647.764,0,0,0,0,4200,2575083.337,0,0,0,0,0,0,0,0,0,0,0,0,0,0,0,0,0,0,0,0,0,0,0,0,0,0,0,0,0,0,0,0,0,0,0,0,0,0,0,0,0,0,0,0,0,0,0,0,0,0,0,0,0,0,0,0,0,0,0,0,0,0,0,0,0,0,0,0,0,0,0,0,0,0,0,0,0,0,0,0,0,0,0,0,0,0,0,0,0,0,0,0,0,0,0,0,0,0,0,0,0,0,0,0,0,0,0,0,0,0,0,0,0,0,0,0,0,0,0,0,27000,131150.3226,0,0,36000,348485.1429,103000,1107838.571,30000,193602.8571,100000,948096.2963,107154,893201.3016,1500,10859.13462,48000,316218,34000,331757.856,0,0,0,0,82250,854579.145,0,0,0,0,0,0,0,0,0,0,0,0,0,0,0,0,0,0,0,0,0,0,0,0,0,0,0,0,0,0,0,0,0,0,0,0,0,0,0,0,0,0,0,0,0,0,14371,62180,568904
"Provincetown, MA",42.0528,-70.1869,0,0,0,0,0,0,0,0,0,0,0,0,0,0,0,0,0,0,0,0,0,0,0,0,0,0,0,0,0,0,0,0,210,123193.2625,1550,689256.4219,780,334005.2625,200,62950.80556,0,0,0,0,0,0,0,0,0,0,0,0,440,237328.1969,140,81854.34688,0,0,0,0,800,509462.3333,470,335599.1032,735,522358.5977,550,351676.2684,400,283278.625,350,302630.5078,2750,2415554.167,1783,1424698.098,1570,1041429.453,4355,2582117.606,3370,2874254.57,2622,2171514.18,5004,4291649.209,1960,1858439.538,3735,3785494.327,2754,3160511.95,2976,3983840.851,3141,4212996.13,2825,3684927.881,1959,2575967.166,2969,4310312.415,1019,1699359.297,1072,1694928.48,2324,2806801.036,1800,2207444.885,2614,3476031.245,3880,5358333.53,1680,2156138.289,4010,5028107.755,1658,1901139.651,2751,2922855.116,3731,4819692.214,4387,6699779.04,5113,7282117.816,5185,6558361.32,4125,4927639.917,3759,3562340.981,3375,3236293.594,1885,2004150.523,2780,3001509.049,2638,3250860.548,3944,5054792.642,2533,2930669.72,0,0,0,0,0,0,0,0,0,0,0,0,0,0,0,0,0,0,0,0,0,0,0,0,0,0,0,0,0,0,0,0,0,0,0,0,0,0,0,0,0,0,0,0,0,0,0,0,0,0,0,0,0,0,0,0,0,0,0,0,0,0,0,0,560,196757.8667,0,0,200,52703,250,74113.59375,30,7905.45,70,19041.08387,100,30894.86207,620,198389.15,590,203132.1377,606,188206.1775,605,199283.2188,70,23716.35,20,6689.226923,230,96772.29995,295,152675.3207,272,129912.895,976,702130.4472,815,499688.7904,1302,757671.5038,1027,689139.7224,2855,2215209.568,2557,1762729.478,2895,1584434.613,1144,541513.5652,2124,1026127.41,1369,594572.7984,1446,753575.4266,1266,858820.3121,1732,1242983.435,2866,2380628.882,3806,2758079.748,2761,1276010.277,3113,1681660.5,4379,2935314.996,3948,1848002.957,2255,1056402.356,2206,1057668.692,3357,1529655.166,1554,728673.2281,1170,609617.9966,1550,714784.4375,0,0,0,0,0,0,0,0,0,0,0,0,0,0,0,0,0,0,0,0,0,0,0,0,0,0,0,0,0,0,0,0,0,0,0,0,0,0,0,0,0,0,0,0,0,0,0,0,0,0,0,0,0,0,0,0,0,0,0,0,0,0,0,0,0,0,0,0,0,0,0,0,0,0,0,0,0,0,0,0,0,0,0,0,0,0,0,0,0,0,0,0,0,0,0,0,0,0,0,0,0,0,8000,97339.21429,4000,64693.62963,5800,150889.2268,1700,45412.90096,0,0,0,0,0,0,0,0,1000,31133.43243,2600,75244.50562,8593,241431.1958,0,0,0,0,1000,19293.0625,0,0,0,0,0,0,3128,84062.95811,3474,78706.99901,0,0,0,0,0,0,116661,58991,39295
"Quincy, MA",42.250735,-71.002281,0,0,0,0,0,0,0,0,0,0,0,0,0,0,0,0,0,0,0,0,0,0,0,0,0,0,0,0,0,0,0,0,0,0,0,0,0,0,0,0,0,0,0,0,0,0,0,0,0,0,0,0,0,0,0,0,0,0,0,0,0,0,0,0,0,0,0,0,0,0,0,0,0,0,550,439475.0161,670,444431.6776,0,0,0,0,90,74537.1,115,98629.02859,250,237045.8594,0,0,0,0,0,0,0,0,0,0,0,0,0,0,0,0,0,0,0,0,0,0,0,0,0,0,0,0,0,0,0,0,0,0,0,0,0,0,0,0,0,0,0,0,0,0,0,0,0,0,0,0,0,0,0,0,0,0,0,0,0,0,0,0,0,0,0,0,0,0,0,0,0,0,0,0,0,0,0,0,0,0,0,0,0,0,0,0,0,0,0,0,0,0,0,0,0,0,0,0,0,0,0,0,0,0,0,0,0,0,0,0,0,0,0,0,0,0,0,0,0,0,0,0,0,0,0,0,0,0,0,0,0,0,0,0,0,0,0,0,30,9317.1375,65,21410.59375,20,6776.1,0,0,4,1682.996521,0,0,0,0,0,0,0,0,0,0,0,0,0,0,0,0,0,0,0,0,0,0,0,0,0,0,0,0,0,0,0,0,0,0,0,0,0,0,0,0,0,0,0,0,0,0,0,0,0,0,0,0,0,0,0,0,0,0,0,0,0,0,0,0,0,0,0,0,0,0,0,0,0,0,0,0,0,0,0,0,0,0,0,0,0,0,0,0,0,0,0,0,0,0,0,0,0,0,0,0,0,0,0,0,0,0,0,0,0,0,0,0,0,0,0,0,0,0,0,0,0,0,0,0,0,0,0,0,0,0,0,0,0,0,0,0,0,0,0,0,0,0,0,0,0,0,0,0,0,0,0,0,0,0,0,0,0,0,0,0,0,0,0,0,0,0,0,0,0,0,0,0,0,0,0,0,0,0,0,0,0,0,0,0,0,0,0,0,0,0,0,0,0,0,0,0,0,0,0,0,1675,119,0
"Sag Harbor, NY",40.997,-72.2892,35,28693.85556,0,0,40,17941.44681,0,0,0,0,0,0,0,0,0,0,0,0,0,0,0,0,0,0,0,0,0,0,0,0,1700,808303.6196,0,0,1350,600320.1094,0,0,100,31475.40278,200,72666.25758,1800,983530.9853,0,0,50,28095.34926,170,84843.8447,148,74953.54781,3464,1868420.168,2490,1455838.027,0,0,3640,2811432.448,2178,1387011.203,1815,1295983.771,3300,2345283.5,8529,5453539.806,1990,1409311.159,2808,2427961.331,3380,2968935.667,8469,6767116.203,3740,2480857.424,4563,2705442.626,1930,1646086.445,2930,2426596.7,1669,1431407.38,3989,3782303.732,2795,2832786.25,2078,2384729.06,1755,2349341.631,384,515055.8784,1289,1681370.633,1335,1755444.7,1511,2193628.178,703,1172374.471,792,1252223.28,2155,2602692.01,2018,2474790.987,2490,3311139.174,385,531690.3116,2384,3059662.905,2390,2996802.378,937,1074407.631,1173,1246277.372,0,0,795,1214115.418,1127,1605113.784,385,486975.72,237,283115.3116,600,568609.8932,560,536985.0111,180,191377.7688,0,0,430,529897.6632,0,0,0,0,3450,1010140.833,3150,922302.5,8100,2270714.362,7200,2156031.818,1250,301944.2708,7800,1924220.17,5320,1193106.213,800,168649.6,1100,284182.8431,0,0,0,0,0,0,3300,1108313.088,0,0,2500,716073.3696,3100,621551.6848,8400,1844605,6000,1304399.25,8500,1791902,9250,2166678.889,4600,1101971.818,10060,2495022.024,2585,601046.7132,8650,2011239.485,13300,2761317.788,14321,3066211.131,13189,4235764.815,15410,3806968.266,20500,4231611.708,21541,5089165.241,20005,4832316.11,21685,7188986.717,19930,7002471.933,32500,8816126.838,38785,10220429.28,26150,7752281.906,32810,8645927.15,54347,14783225.5,24460,7556883.262,55840,17867822.8,31509,10848289.03,54105,16803457.48,42003,13835525.68,57576,19507036.68,37400,12508854.35,52427,22058614.65,28305,14649067.64,16610,7933283.772,2397,1724392.092,8825,5410740.583,18076,10518947.85,6452,4329434.751,5352,4152645.047,12800,8823988,6766,3703034.402,7573,3584687.263,385,185997.6708,5964,2590235.332,2479,1291918.038,850,576617.1132,505,362417.2255,70,58145.15761,1177,852932.1763,1963,907210.494,717,387327.5228,200,134063.2563,0,0,649,304037.7511,400,191780.3611,0,0,590,276651.9978,0,0,0,0,0,0,0,0,0,0,0,0,0,0,0,0,0,0,0,0,0,0,0,0,0,0,0,0,0,0,0,0,0,0,0,0,0,0,0,0,0,0,11000,29906.86111,0,0,0,0,9000,31887.52941,0,0,9000,51334.09091,127483,749858.9898,109745,516418.8156,0,0,16000,52201.06667,18500,62438.77586,95500,503313.65,45494,232032.6079,0,0,14424,63881.35059,0,0,40000,169402.5,0,0,445520,2164077.471,56000,334391.4483,389800,3773319.686,273400,2940612.286,492900,3180894.943,182632,1731527.228,424787,3540887.893,269604,1951777.419,447261,2946499.56,215755,2105247.536,181400,1884749.628,28894,507571.1549,112000,1163682.24,93748,1024758.694,109536,1332768.522,82162,1328839.499,49847,1296788.843,28760,768279.4304,60226,1477883.583,0,0,33533,617148.7838,14130,312061.992,3000,93400.2973,3700,107078.7195,900,25286.63752,7100,166442.2341,19600,413718.55,2700,52091.26875,2930,67834.40775,0,0,0,0,2200,59123.56389,0,0,700,17050.97059,0,0,0,0,97365,934013,4530871
"Salem, MA",42.513,-70.9021,0,0,0,0,0,0,0,0,0,0,0,0,0,0,0,0,0,0,0,0,0,0,0,0,0,0,0,0,0,0,0,0,0,0,0,0,0,0,0,0,0,0,0,0,0,0,0,0,0,0,0,0,0,0,0,0,100,74662.58333,0,0,1400,891559.0833,1200,856848.7742,2000,1421383.939,6177,3949644.2,2960,2096261.825,5330,4608630.305,6030,5296651.5,275,219737.5081,9200,6102643.931,1400,830072.25,3800,3240999.219,5440,4505353.6,0,0,300,284455.0313,620,628381.9231,0,0,0,0,0,0,320,417407.76,180,236689.173,0,0,0,0,231,365231.79,0,0,0,0,397,527920.5831,0,0,330,423527.1639,0,0,418,479298.1749,170,180619.909,0,0,415,633783.5199,100,142423.5833,0,0,243,290282.7878,0,0,2076,1990680.148,0,0,0,0,0,0,0,0,0,0,0,0,0,0,0,0,0,0,0,0,0,0,0,0,0,0,0,0,0,0,0,0,0,0,0,0,0,0,0,0,0,0,0,0,600,130439.925,100,21081.2,0,0,0,0,0,0,0,0,0,0,0,0,0,0,0,0,0,0,1500,309630.125,0,0,0,0,2300,762493.4032,0,0,3880,1052509.912,2705,712808.075,7770,2303450.494,7250,1910483.75,1300,353620.129,2300,710581.8276,4100,1311928.25,0,0,1800,559028.25,0,0,600,203283,1580,528448.9269,0,0,0,0,0,0,37,26617.65015,30,18393.45241,0,0,0,0,219,169923.2558,0,0,0,0,114,53962.01611,0,0,16,6948.988148,0,0,40,27134.92297,20,14353.15745,0,0,31,22464.65375,140,64701.71633,6,3241.2345,20,13406.32563,0,0,153,71676.08,0,0,0,0,0,0,0,0,0,0,0,0,0,0,0,0,0,0,0,0,0,0,0,0,0,0,0,0,0,0,0,0,0,0,0,0,0,0,0,0,0,0,0,0,0,0,0,0,0,0,0,0,0,0,0,0,0,0,0,0,0,0,0,0,0,0,0,0,0,0,0,0,0,0,0,0,10000,44288.23529,0,0,8000,33880.5,0,0,0,0,0,0,23200,224579.3143,0,0,13200,85185.25714,0,0,0,0,14000,101351.9231,0,0,0,0,0,0,0,0,0,0,0,0,0,0,1200,19408.08889,0,0,0,0,0,0,0,0,0,0,0,0,0,0,0,0,0,0,470,11018.00705,0,0,0,0,0,0,0,0,0,0,0,0,0,0,0,0,0,0,0,0,51112,38611,70070
"San Francisco, CA",37.7561,-122.4429,0,0,0,0,0,0,0,0,0,0,0,0,0,0,0,0,0,0,0,0,0,0,0,0,0,0,0,0,0,0,0,0,0,0,0,0,0,0,0,0,0,0,0,0,0,0,0,0,0,0,0,0,0,0,0,0,0,0,0,0,0,0,0,0,0,0,0,0,0,0,0,0,0,0,0,0,0,0,0,0,0,0,0,0,0,0,0,0,0,0,0,0,0,0,0,0,0,0,275,361608.4588,200,290354.4907,540,900543.69,60,94865.4,324,391309.6109,0,0,100,132977.4769,0,0,0,0,0,0,0,0,0,0,0,0,0,0,0,0,0,0,45,53756.07182,0,0,0,0,320,340227.1444,80,86374.36111,0,0,0,0,0,0,0,0,0,0,0,0,0,0,0,0,0,0,0,0,0,0,0,0,0,0,0,0,0,0,0,0,0,0,0,0,0,0,0,0,0,0,0,0,0,0,0,0,0,0,0,0,0,0,0,0,0,0,0,0,0,0,0,0,0,0,0,0,0,0,0,0,0,0,0,0,0,0,0,0,0,0,0,0,0,0,0,0,0,0,0,0,0,0,0,0,0,0,0,0,500,238810.4688,3800,2733704.61,3310,2029410.915,400,232771.5833,200,134204.425,1760,1365593.289,2260,1557985.381,2025,1108283.279,2900,1372717.954,1314,634807.635,205,89033.91065,0,0,75,50877.98057,0,0,240,199354.8261,1300,942066.125,700,323508.5817,0,0,1600,1072506.05,3750,1755321.957,263,123207.9022,2600,1246572.347,200,91132.27083,200,93780.33824,1250,651301.2784,1350,622554.1875,0,0,0,0,0,0,0,0,0,0,0,0,0,0,0,0,0,0,0,0,0,0,0,0,0,0,0,0,0,0,0,0,0,0,0,0,0,0,0,0,0,0,0,0,0,0,0,0,0,0,0,0,0,0,0,0,0,0,0,0,0,0,0,0,0,0,0,0,0,0,0,0,0,0,0,0,0,0,0,0,0,0,0,0,0,0,0,0,0,0,0,0,0,0,0,0,0,0,0,0,4000,43723.97037,0,0,0,0,0,0,0,0,0,0,0,0,3100,57053.08889,0,0,3000,93400.2973,0,0,0,0,0,0,0,0,0,0,20000,463033.5,55500,934685.7237,0,0,10000,268743.4722,0,0,2000,48717.05882,0,0,0,0,1944,32202,97600
"Sandwich, MA",41.7573,-70.4998,0,0,0,0,0,0,0,0,0,0,0,0,0,0,0,0,0,0,0,0,0,0,0,0,0,0,0,0,0,0,0,0,0,0,0,0,0,0,0,0,0,0,0,0,0,0,0,0,0,0,0,0,0,0,0,0,0,0,0,0,0,0,0,0,0,0,0,0,0,0,0,0,0,0,0,0,0,0,0,0,0,0,0,0,0,0,0,0,0,0,0,0,0,0,0,0,115,150005.9138,379,498362.2032,380,551673.5324,0,0,380,600814.2,0,0,0,0,538,715418.8255,0,0,661,848337.7434,0,0,291,333674.0882,0,0,0,0,0,0,0,0,0,0,0,0,0,0,0,0,0,0,0,0,0,0,0,0,0,0,0,0,0,0,0,0,0,0,0,0,0,0,0,0,0,0,0,0,0,0,0,0,0,0,0,0,0,0,0,0,0,0,0,0,0,0,0,0,0,0,0,0,0,0,0,0,0,0,0,0,0,0,0,0,0,0,0,0,0,0,0,0,0,0,0,0,0,0,0,0,0,0,0,0,0,0,0,0,0,0,0,0,0,0,0,0,0,0,0,0,0,0,0,0,0,0,15,10790.93925,4,2452.460321,140,81470.05417,265,177820.8631,140,108626.7389,0,0,0,0,47,22247.49787,0,0,3,1302.935278,0,0,0,0,0,0,0,0,0,0,0,0,0,0,0,0,0,0,0,0,0,0,0,0,0,0,0,0,0,0,0,0,0,0,0,0,0,0,0,0,0,0,0,0,0,0,0,0,0,0,0,0,0,0,0,0,0,0,0,0,0,0,0,0,0,0,0,0,0,0,0,0,0,0,0,0,0,0,0,0,0,0,0,0,0,0,0,0,0,0,0,0,0,0,0,0,0,0,0,0,0,0,0,0,0,0,0,0,0,0,0,0,0,0,0,0,0,0,0,0,0,0,0,0,0,0,0,0,0,0,1000,10930.99259,0,0,1000,16173.40741,0,0,0,0,0,0,0,0,0,0,0,0,0,0,0,0,0,0,0,0,0,0,0,0,0,0,0,0,0,0,0,0,0,0,0,0,0,0,0,0,2744,614,2000
"Sippican, MA",41.7313215,-70.7769,0,0,0,0,0,0,0,0,0,0,0,0,0,0,0,0,0,0,0,0,0,0,0,0,0,0,0,0,0,0,0,0,0,0,0,0,0,0,0,0,0,0,0,0,0,0,0,0,0,0,0,0,0,0,0,0,0,0,0,0,0,0,0,0,0,0,0,0,0,0,0,0,0,0,0,0,240,159199.4069,1395,827107.7063,600,511736.7188,1630,1349949.7,460,394516.1144,655,621060.1516,450,456083.6538,0,0,358,479238.9196,0,0,0,0,200,262987.97,296,429724.6463,310,516978.785,320,505948.8,548,661844.6505,675,827791.8317,537,714089.0507,1064,1469398.679,529,678926.8779,245,307203.591,312,357753.6616,155,164682.8582,285,368161.9622,367,560478.4381,0,0,0,0,0,0,0,0,0,0,0,0,0,0,0,0,0,0,0,0,0,0,0,0,0,0,0,0,0,0,0,0,0,0,0,0,0,0,0,0,0,0,0,0,0,0,0,0,0,0,0,0,0,0,0,0,0,0,0,0,0,0,0,0,0,0,0,0,0,0,0,0,0,0,0,0,0,0,0,0,0,0,0,0,0,0,0,0,0,0,0,0,0,0,0,0,26,8032.664138,1446,462694.695,0,0,630,195659.8875,3240,1067235.75,100,33880.5,0,0,0,0,3000,1552630.38,0,0,0,0,46,28203.29369,10,5819.289583,12,8052.2655,32,24828.96889,87,59975.54344,247,135183.195,88,41654.88963,64,30919.09333,15,6514.676389,17,8859.462138,28,18994.44608,9,6458.920851,2,1661.290217,427,309432.4888,0,0,0,0,0,0,0,0,0,0,0,0,0,0,0,0,0,0,0,0,0,0,0,0,0,0,0,0,0,0,0,0,0,0,0,0,0,0,0,0,0,0,0,0,0,0,0,0,0,0,0,0,0,0,0,0,0,0,0,0,0,0,0,0,0,0,0,0,0,0,0,0,0,0,0,0,0,0,0,0,0,0,0,0,0,0,0,0,0,0,0,0,0,0,0,0,0,0,11600,112289.6571,0,0,3000,19360.28571,28000,265466.963,0,0,0,0,0,0,26000,253697.184,0,0,0,0,0,0,0,0,0,0,0,0,0,0,0,0,0,0,0,0,0,0,0,0,0,0,0,0,0,0,0,0,0,0,0,0,0,0,0,0,0,0,0,0,0,0,0,0,0,0,0,0,11631,159579,68600
"Somerset, MA",41.770765,-71.1284127,0,0,0,0,0,0,0,0,0,0,0,0,0,0,0,0,0,0,0,0,0,0,0,0,0,0,0,0,0,0,0,0,0,0,0,0,0,0,0,0,0,0,0,0,0,0,0,0,0,0,0,0,0,0,0,0,0,0,0,0,0,0,0,0,0,0,0,0,0,0,0,0,300,263515,0,0,230,152566.0983,722,428080.1175,350,298513.0859,100,82819,117,100344.316,0,0,400,405407.6923,140,160665.0955,0,0,0,0,0,0,0,0,0,0,0,0,0,0,0,0,0,0,0,0,0,0,0,0,0,0,0,0,0,0,0,0,0,0,0,0,0,0,0,0,0,0,0,0,0,0,0,0,0,0,0,0,0,0,0,0,0,0,0,0,0,0,0,0,0,0,0,0,0,0,0,0,0,0,0,0,0,0,0,0,0,0,0,0,0,0,0,0,0,0,0,0,0,0,0,0,0,0,0,0,0,0,0,0,0,0,0,0,0,0,0,0,0,0,0,0,0,0,0,0,0,0,0,0,0,0,20,5270.3,0,0,0,0,567,181430.0775,0,0,900,279514.125,30,9881.8125,0,0,0,0,0,0,0,0,0,0,0,0,0,0,0,0,0,0,0,0,0,0,0,0,0,0,0,0,0,0,0,0,0,0,0,0,0,0,0,0,0,0,0,0,0,0,0,0,0,0,0,0,0,0,0,0,0,0,0,0,0,0,0,0,0,0,0,0,0,0,0,0,0,0,0,0,0,0,0,0,0,0,0,0,0,0,0,0,0,0,0,0,0,0,0,0,0,0,0,0,0,0,0,0,0,0,0,0,0,0,0,0,0,0,0,0,0,0,0,0,0,0,0,0,0,0,0,0,0,0,0,0,0,0,0,0,0,0,4330,41915.01857,0,0,9000,58080.85714,350,3318.337037,0,0,0,0,0,0,0,0,0,0,0,0,0,0,0,0,0,0,0,0,0,0,0,0,0,0,0,0,0,0,0,0,0,0,0,0,0,0,0,0,0,0,0,0,0,0,0,0,0,0,0,0,0,0,0,0,0,0,0,0,2359,1517,13680
"Stonington, CT",41.3344,-71.9033,0,0,0,0,0,0,0,0,0,0,0,0,0,0,0,0,0,0,0,0,0,0,0,0,0,0,0,0,0,0,0,0,0,0,0,0,0,0,0,0,0,0,0,0,0,0,0,0,0,0,0,0,0,0,0,0,50,37331.29167,400,308948.6207,97,61772.30792,100,71404.06452,0,0,1970,1259640.452,100,70819.65625,70,60526.10156,1900,1668928.333,935,747107.5274,885,587047.8129,2335,1384441.931,870,742018.2422,2385,1975233.15,920,789032.2287,915,867587.8453,1995,2021970.865,1740,1996837.616,1237,1655917.719,1508,2022667.356,199,259575.4508,609,800798.3687,340,493602.6343,118,196785.473,276,436380.84,103,124397.8084,0,0,175,232710.5845,143,197484.9729,0,0,0,0,0,0,0,0,0,0,0,0,0,0,0,0,0,0,0,0,0,0,0,0,0,0,0,0,0,0,0,0,0,0,0,0,0,0,0,0,0,0,0,0,0,0,0,0,0,0,0,0,0,0,0,0,0,0,0,0,0,0,0,0,0,0,0,0,200,42162.4,0,0,0,0,0,0,0,0,0,0,0,0,0,0,1600,513854.25,0,0,1150,237383.0958,4500,1063146.724,2847,687708.2713,1600,530430.1935,5300,1862172.667,9550,2590584.963,7400,1950011,5030,1491165.506,7000,1844605,3945,1073101.084,6320,1952555.283,9225,2951838.563,14840,5109289.7,15170,4711365.863,7400,2437513.75,21190,7179277.95,9420,3150625.881,16725,7037029.203,15000,7763151.9,18276,8729000.254,4312,3102035.336,11375,6974184.037,8364,4867253.808,10722,7194699.224,11391,8838337.019,900,620436.6563,0,0,16804,7954190.515,4067,1964811.759,0,0,0,0,0,0,0,0,0,0,0,0,0,0,0,0,0,0,0,0,0,0,0,0,0,0,0,0,0,0,0,0,0,0,0,0,0,0,0,0,0,0,0,0,0,0,0,0,0,0,0,0,0,0,0,0,0,0,0,0,0,0,0,0,0,0,0,0,0,0,0,0,0,0,0,0,0,0,0,0,0,0,0,0,0,0,0,0,9000,29363.1,0,0,17160,90438.348,1000,5100.290323,46500,265226.1364,46000,203725.8824,21000,98818.125,0,0,0,0,0,0,17000,101511.6897,60200,582744.6,103800,1116443.143,130000,838945.7143,71000,673148.3704,193200,1610453.1,76380,552947.1346,106200,699632.325,191000,1863698.544,198869,2066252.887,41100,721989.8411,174800,1816175.496,103790,1134527.721,122543,1491029.917,101000,1633514.148,13500,351207.683,0,0,167612,4113024.66,48732,1089838.477,0,0,0,0,0,0,0,0,0,0,0,0,0,0,0,0,0,0,0,0,0,0,0,0,0,0,0,0,0,0,0,0,22375,251623,2061386
"Tisbury, MA",41.454889,-70.600682,0,0,0,0,0,0,0,0,0,0,0,0,0,0,0,0,0,0,0,0,0,0,0,0,0,0,0,0,0,0,0,0,0,0,0,0,0,0,0,0,0,0,0,0,0,0,0,0,0,0,0,0,0,0,0,0,0,0,0,0,0,0,0,0,0,0,0,0,0,0,0,0,0,0,0,0,0,0,0,0,0,0,0,0,0,0,0,0,0,0,0,0,0,0,0,0,0,0,0,0,0,0,0,0,0,0,0,0,0,0,0,0,0,0,0,0,0,0,0,0,0,0,0,0,0,0,0,0,324,409818.528,0,0,430,407503.7568,0,0,0,0,0,0,0,0,0,0,0,0,0,0,0,0,0,0,0,0,0,0,0,0,0,0,0,0,0,0,0,0,0,0,0,0,0,0,0,0,0,0,0,0,0,0,0,0,0,0,0,0,0,0,0,0,0,0,0,0,0,0,0,0,0,0,0,0,0,0,0,0,0,0,0,0,0,0,0,0,0,0,0,0,0,0,0,0,0,0,0,0,0,0,0,0,0,0,0,0,0,0,0,0,0,0,0,0,0,0,0,0,0,0,0,0,0,0,0,0,0,0,0,0,0,0,0,0,0,0,0,0,0,0,0,0,0,0,0,0,0,0,0,0,388,181617.3118,0,0,0,0,0,0,0,0,0,0,0,0,0,0,0,0,0,0,0,0,0,0,0,0,0,0,0,0,0,0,0,0,0,0,0,0,0,0,0,0,0,0,0,0,0,0,0,0,0,0,0,0,0,0,0,0,0,0,0,0,0,0,0,0,0,0,0,0,0,0,0,0,0,0,0,0,0,0,0,0,0,0,0,0,0,0,0,0,0,0,0,0,0,0,0,0,0,0,0,0,0,0,0,0,0,0,0,0,0,0,0,0,0,0,0,0,0,0,0,0,0,0,0,0,0,0,0,0,0,0,0,0,0,0,0,0,0,0,0,0,0,0,0,0,0,0,0,0,0,0,0,0,0,0,0,0,0,0,754,388,0
"Tiverton, RI",41.625408,-71.212369,0,0,0,0,0,0,0,0,0,0,0,0,0,0,0,0,0,0,0,0,0,0,0,0,0,0,0,0,0,0,0,0,0,0,0,0,0,0,75,23606.55208,0,0,0,0,0,0,0,0,0,0,0,0,0,0,0,0,0,0,0,0,0,0,0,0,0,0,0,0,0,0,0,0,0,0,0,0,0,0,0,0,0,0,0,0,0,0,0,0,0,0,0,0,0,0,0,0,0,0,0,0,0,0,0,0,0,0,0,0,0,0,0,0,0,0,0,0,0,0,0,0,0,0,0,0,0,0,0,0,0,0,0,0,0,0,0,0,0,0,0,0,0,0,0,0,0,0,0,0,0,0,0,0,0,0,0,0,0,0,0,0,0,0,0,0,0,0,0,0,0,0,0,0,0,0,0,0,0,0,0,0,0,0,0,0,0,0,0,0,0,0,0,0,0,0,0,0,0,0,0,0,0,0,0,0,0,0,0,0,0,0,0,0,0,0,0,0,0,0,0,0,0,0,0,0,0,0,0,0,0,0,0,0,0,0,0,0,0,0,0,0,0,0,0,0,0,0,0,0,0,0,0,0,0,0,0,0,0,0,0,0,0,0,0,0,0,0,0,0,0,0,0,0,0,0,0,0,0,0,0,0,0,0,0,0,0,0,0,0,0,0,0,0,0,0,0,0,0,0,0,0,0,0,0,0,0,0,0,0,0,0,0,0,0,0,0,0,0,0,0,0,0,0,0,0,0,0,0,0,0,0,0,0,0,0,0,0,0,0,0,0,0,0,0,0,0,0,0,0,0,0,0,0,0,0,0,0,0,0,0,0,0,0,0,0,0,0,0,0,0,0,0,0,0,0,0,0,0,0,0,0,0,0,0,0,0,0,0,0,0,0,0,0,0,0,0,0,0,0,0,0,0,0,0,0,0,0,0,0,0,0,0,0,0,0,0,0,0,0,0,0,0,0,0,0,0,0,0,0,0,0,0,0,0,0,0,0,0,0,75,0,0
"Truro, MA",41.993668,-70.071282,0,0,0,0,0,0,0,0,0,0,0,0,0,0,0,0,0,0,0,0,0,0,0,0,0,0,0,0,0,0,0,0,0,0,0,0,0,0,0,0,0,0,0,0,0,0,0,0,0,0,0,0,0,0,0,0,0,0,0,0,0,0,0,0,0,0,0,0,0,0,0,0,0,0,0,0,0,0,0,0,0,0,0,0,0,0,0,0,0,0,0,0,130,174025.306,175,234725.9863,0,0,70,92045.7895,0,0,0,0,0,0,0,0,0,0,0,0,0,0,0,0,0,0,0,0,0,0,0,0,0,0,0,0,0,0,0,0,0,0,0,0,0,0,0,0,0,0,0,0,0,0,0,0,0,0,0,0,0,0,0,0,0,0,0,0,0,0,0,0,0,0,0,0,0,0,0,0,0,0,0,0,0,0,0,0,0,0,0,0,0,0,0,0,0,0,0,0,0,0,0,0,0,0,0,0,0,0,0,0,0,0,0,0,0,0,0,0,0,0,0,0,0,0,0,0,0,0,0,0,0,0,0,0,0,0,0,0,0,0,0,0,0,0,0,0,8,3820.9675,0,0,0,0,0,0,0,0,0,0,0,0,0,0,0,0,0,0,0,0,0,0,0,0,0,0,0,0,0,0,0,0,0,0,0,0,0,0,0,0,0,0,0,0,0,0,0,0,0,0,0,0,0,0,0,0,0,0,0,0,0,0,0,0,0,0,0,0,0,0,0,0,0,0,0,0,0,0,0,0,0,0,0,0,0,0,0,0,0,0,0,0,0,0,0,0,0,0,0,0,0,0,0,0,0,0,0,0,0,0,0,0,0,0,0,0,0,0,0,0,0,0,0,0,0,0,0,0,0,0,0,0,0,0,0,0,0,0,0,0,0,0,0,0,0,0,0,0,0,0,0,0,0,0,0,0,0,0,0,0,0,0,0,0,0,0,0,0,0,0,0,0,0,0,0,0,0,0,0,0,0,0,0,0,0,0,0,0,0,0,0,0,0,0,0,0,375,8,0
"Wareham, MA",41.757921,-70.71638,0,0,0,0,0,0,0,0,0,0,0,0,0,0,0,0,0,0,0,0,0,0,0,0,0,0,0,0,0,0,0,0,0,0,0,0,0,0,0,0,0,0,0,0,0,0,0,0,0,0,0,0,0,0,0,0,0,0,0,0,0,0,2950,2106419.903,0,0,0,0,0,0,2400,2075180.625,1083,951289.15,1142,912509.9426,1306,866310.1059,1150,681845.0625,2680,2285757.344,1030,853035.7,1250,1072054.659,750,711137.5781,900,912167.3077,0,0,200,267731.24,0,0,0,0,172,226169.6542,0,0,0,0,0,0,252,304351.9196,0,0,0,0,0,0,65,83422.01713,0,0,0,0,0,0,0,0,0,0,0,0,0,0,0,0,0,0,0,0,0,0,0,0,0,0,0,0,0,0,0,0,0,0,0,0,0,0,0,0,0,0,0,0,0,0,0,0,0,0,0,0,0,0,0,0,0,0,0,0,0,0,0,0,0,0,0,0,0,0,0,0,0,0,0,0,0,0,0,0,0,0,0,0,0,0,0,0,0,0,0,0,0,0,0,0,0,0,0,0,0,0,1468,386840.02,236,64195.65419,2062,637052.0559,0,0,70,24100.42311,2100,652199.625,0,0,1600,542088,60,20067.68077,0,0,2900,1500876.034,0,0,0,0,2513,1540758.197,0,0,0,0,0,0,0,0,0,0,0,0,0,0,1069,464279.2706,0,0,0,0,0,0,0,0,0,0,0,0,0,0,0,0,0,0,0,0,0,0,0,0,0,0,0,0,0,0,0,0,0,0,0,0,0,0,0,0,0,0,0,0,0,0,0,0,0,0,0,0,0,0,0,0,0,0,0,0,0,0,0,0,0,0,0,0,0,0,0,0,0,0,0,0,0,0,0,0,0,0,0,0,0,0,0,0,0,0,0,0,0,0,0,0,0,0,0,0,0,0,0,0,0,0,0,0,0,0,0,0,16800,108417.6,0,0,6000,50014.07143,0,0,0,0,34000,331757.856,0,0,0,0,41383,429970.1977,0,0,0,0,0,0,5601,145712.1654,0,0,0,0,0,0,13595,250205.4011,0,0,0,0,0,0,0,0,0,0,0,0,0,0,0,0,0,0,0,0,0,0,0,0,0,0,0,0,0,0,17330,14078,117379
"Warren, RI",41.730318,-71.285709,0,0,0,0,0,0,0,0,0,0,0,0,0,0,0,0,0,0,0,0,0,0,0,0,0,0,0,0,0,0,0,0,0,0,0,0,0,0,0,0,0,0,0,0,0,0,0,0,2211,1103469.063,0,0,0,0,5100,2981836.922,150,111993.875,1820,1405716.224,4930,3139561.629,3250,2320632.097,3860,2743271.003,4550,2909321.857,5585,3955277.802,5570,4816148.367,3000,2635150,3075,2457064.863,1850,1227162.095,9143,5420964.701,2200,1876367.969,2882,2386843.58,3730,3199011.101,1980,1877403.206,6024,6105439.846,2927,3359048.104,1091,1460473.914,168,225336.9468,5427,7078974.73,1999,2628564.76,441,640231.6521,1687,2813365.195,2847,4501363.23,442,533823.6049,1540,1888591.735,3058,4066451.242,923,1274675.734,982,1260314.166,0,0,0,0,280,297491.6149,904,1167783.908,0,0,0,0,0,0,0,0,0,0,0,0,0,0,0,0,0,0,0,0,0,0,0,0,0,0,0,0,0,0,0,0,0,0,0,0,0,0,0,0,0,0,0,0,0,0,0,0,0,0,0,0,0,0,0,0,0,0,0,0,0,0,0,0,0,0,0,0,0,0,0,0,0,0,1000,321158.9063,1200,296454.375,3200,660544.2667,4870,1150561.01,4550,1099077.146,2650,878525.0081,4010,1408926.867,5120,1388879.059,6750,1778726.25,11890,3524842.519,13750,3623331.25,7900,2148922.323,650,200816.6034,12610,4034979.325,7100,2444471.487,6960,2161575.9,9800,3228058.75,5105,1729599.525,11780,3939954.658,11825,4975358.465,0,0,2789,1332084.795,8686,6248673.222,1213,743708.5923,223,129770.1577,4821,3234997.665,10051,7798623.947,3178,2190830.771,96,52540.83692,5451,2580236.402,6762,3266795.455,4859,2110320.838,0,0,0,0,0,0,144,119612.8957,0,0,0,0,0,0,0,0,0,0,0,0,0,0,0,0,0,0,0,0,0,0,0,0,0,0,0,0,0,0,0,0,0,0,0,0,0,0,0,0,0,0,0,0,0,0,0,0,0,0,0,0,0,0,0,0,0,0,0,0,0,0,0,0,0,0,0,0,0,0,0,0,0,0,0,0,0,0,0,0,0,0,0,0,9000,45902.6129,0,0,0,0,0,0,10000,42350.625,0,0,0,0,0,0,106600,1031903.229,62000,666854.2857,75000,484007.1429,46700,442760.9704,54931,457887.1596,107033,774857.1702,77000,507266.375,0,0,29100,302349.582,85685,1505199.502,8900,92471.178,3000,32792.97778,19200,233614.1143,132860,2148798.908,36490,949301.3596,0,0,56315,1381911.699,91123,2037867.347,17100,314712.2,0,0,0,0,0,0,2700,75859.91257,0,0,0,0,0,0,0,0,0,0,0,0,0,0,0,0,0,0,0,0,0,0,95626,180993,1030737
"Wellfleet, MA",41.931206,-70.031018,0,0,0,0,0,0,0,0,0,0,0,0,0,0,0,0,0,0,0,0,0,0,0,0,0,0,0,0,0,0,0,0,0,0,0,0,0,0,0,0,0,0,0,0,0,0,0,0,0,0,0,0,0,0,0,0,0,0,0,0,0,0,0,0,0,0,0,0,0,0,0,0,0,0,0,0,0,0,0,0,0,0,0,0,0,0,0,0,0,0,0,0,0,0,0,0,0,0,0,0,0,0,0,0,0,0,0,0,0,0,0,0,0,0,0,0,0,0,0,0,0,0,0,0,0,0,310,441513.1083,0,0,345,412129.8839,0,0,0,0,0,0,0,0,0,0,0,0,0,0,0,0,0,0,0,0,0,0,0,0,0,0,0,0,0,0,0,0,0,0,0,0,0,0,0,0,0,0,0,0,0,0,0,0,0,0,0,0,0,0,0,0,0,0,0,0,0,0,0,0,0,0,0,0,0,0,0,0,0,0,0,0,0,0,0,0,0,0,0,0,0,0,0,0,0,0,0,0,0,0,0,0,0,0,0,0,0,0,0,0,0,0,0,0,0,0,0,0,0,0,0,0,0,0,0,0,0,0,0,0,0,0,0,0,0,0,0,0,0,0,0,0,0,0,0,0,0,0,0,0,85,56976.88391,0,0,0,0,0,0,0,0,0,0,0,0,0,0,0,0,0,0,0,0,0,0,0,0,0,0,0,0,0,0,0,0,0,0,0,0,0,0,0,0,0,0,0,0,0,0,0,0,0,0,0,0,0,0,0,0,0,0,0,0,0,0,0,0,0,0,0,0,0,0,0,0,0,0,0,0,0,0,0,0,0,0,0,0,0,0,0,0,0,0,0,0,0,0,0,0,0,0,0,0,0,0,0,0,0,0,0,0,0,0,0,0,0,0,0,0,0,0,0,0,0,0,0,0,0,0,0,0,0,0,0,0,0,0,0,0,0,0,0,0,0,0,0,0,0,0,0,0,0,0,0,0,0,0,0,0,0,0,0,0,655,85,0
"Westport, MA",41.570569,-71.076819,0,0,0,0,0,0,270,161702.3864,0,0,0,0,0,0,0,0,0,0,0,0,0,0,0,0,0,0,0,0,250,128893.2065,450,213962.7228,430,252252.8708,420,186766.2563,380,162720.5125,1000,314754.0278,7,2543.319015,200,109281.2206,470,273203.0515,440,247239.0735,620,309430.4924,1270,643182.4711,1435,774013.5512,330,192942.3891,1080,806355.9,590,455699.2155,380,241994.6083,370,264195.0387,760,540125.897,1305,834431.8732,2949,2088471.663,3358,2903523.558,2523,2216161.15,3571,2853391.423,2348,1557500.864,2844,1686232.485,2450,2089591.602,3820,3163685.8,3380,2898835.797,1620,1536057.169,1646,1668252.654,2545,2920661.915,3697,4949011.971,5427,7279188.156,1991,2597058.907,5363,7052022.416,2201,3195351.171,5641,9407346.214,2316,3661804.44,6417,7750104.237,3871,4747232.86,773,1027915.896,8281,11436175.25,3129,4015807.563,1764,2211865.856,5050,5790564.074,3192,3391404.41,1255,1621204.43,2342,3576677.117,3281,4672917.769,362,457883.664,4262,5091297.291,1139,1079411.114,1818,1743283.483,1621,1723463.129,2902,3133229.949,794,978462.1968,9295,11912854.36,3585,4147829.036,45,13175.75,0,0,0,0,0,0,0,0,0,0,850,190627.8723,0,0,0,0,699,158790.5043,0,0,0,0,0,0,0,0,0,0,0,0,0,0,0,0,0,0,30,7027.066667,164,39287.69091,0,0,0,0,15,3487.698529,30,6228.536364,95,20340.06406,24,7707.81375,9,2223.407813,0,0,0,0,0,0,0,0,0,0,30,8137.963235,59,15547.385,2,592.90875,29,7641.935,31,8432.48,187,57773.39207,50,15999.125,890,306419.6653,510,158391.3375,117,38539.06875,1550,525147.75,250,83615.33654,228,95930.80169,320,165613.9072,1779,849687.6478,134,96399.0573,107,65603.31358,481,279907.829,2076,1393041.932,356,276222.2789,213,146836.6753,490,268177.1885,414,195967.3217,616,297596.2733,7,3040.182315,24,12507.47596,90,61053.57669,32,22965.05191,366,304016.1098,324,234791.865,1053,486649.3379,30,16206.1725,140,93844.27938,17,7957.459539,249,116649.3067,772,370136.0969,0,0,267,125196.7515,2945,1534465.812,0,0,0,0,0,0,0,0,0,0,0,0,0,0,0,0,0,0,0,0,0,0,0,0,0,0,0,0,0,0,0,0,0,0,0,0,0,0,0,0,0,0,0,0,0,0,0,0,0,0,0,0,0,0,0,0,0,0,0,0,0,0,0,0,0,0,0,0,0,0,0,0,0,0,0,0,0,0,0,0,0,0,7720,83034.11429,1800,11616.17143,0,0,16000,133370.8571,0,0,550,3623.33125,0,0,14400,149616.288,0,0,0,0,1100,12024.09185,36000,438026.4643,500,8086.703704,0,0,4500,120210.6202,0,0,9000,201275.2667,0,0,0,0,0,0,0,0,6700,188244.9682,500,11721.28409,0,0,0,0,700,16206.1725,0,0,400,6441.477778,0,0,0,0,0,0,0,0,0,0,137280,19196,99870
"Wilmington, DE",39.7349,-75.5286,0,0,0,0,0,0,0,0,0,0,0,0,0,0,0,0,0,0,0,0,0,0,0,0,0,0,0,0,0,0,0,0,0,0,0,0,0,0,0,0,0,0,0,0,0,0,0,0,0,0,0,0,0,0,0,0,0,0,0,0,0,0,0,0,0,0,1300,831234.8162,300,212458.9688,1600,1383453.75,0,0,5100,4075131.968,0,0,0,0,1700,1449920.703,0,0,0,0,0,0,0,0,0,0,0,0,0,0,0,0,0,0,0,0,0,0,0,0,0,0,0,0,0,0,0,0,0,0,0,0,0,0,0,0,0,0,0,0,0,0,0,0,0,0,0,0,0,0,0,0,0,0,0,0,0,0,0,0,0,0,0,0,0,0,0,0,0,0,0,0,0,0,0,0,0,0,0,0,0,0,0,0,0,0,0,0,0,0,0,0,0,0,0,0,0,0,0,0,0,0,0,0,0,0,0,0,0,0,0,0,0,0,0,0,0,0,0,0,0,0,0,0,0,0,1400,379771.6176,2100,553381.5,4800,1422981,200,52703,2300,625635.6129,0,0,0,0,2500,860729.3969,550,170814.1875,0,0,0,0,0,0,0,0,0,0,0,0,0,0,0,0,0,0,0,0,0,0,0,0,0,0,0,0,0,0,0,0,0,0,0,0,0,0,0,0,0,0,0,0,0,0,0,0,0,0,0,0,0,0,0,0,0,0,0,0,0,0,0,0,0,0,0,0,0,0,0,0,0,0,0,0,0,0,0,0,0,0,0,0,0,0,0,0,0,0,0,0,0,0,0,0,0,0,0,0,0,0,0,0,0,0,0,0,0,0,0,0,0,0,0,0,0,0,0,0,0,0,0,0,0,0,0,0,0,0,0,0,24000,101641.5,0,0,0,0,0,0,0,0,43800,471100.2857,0,0,0,0,0,0,0,0,0,0,0,0,0,0,0,0,0,0,0,0,0,0,0,0,0,0,0,0,0,0,0,0,0,0,0,0,0,0,0,0,0,0,0,0,0,0,0,0,0,0,0,0,0,0,0,0,0,0,0,0,0,0,0,0,10000,13850,67800
"Wiscasset, ME",44.0116,-69.6735,0,0,0,0,0,0,0,0,0,0,0,0,0,0,0,0,0,0,0,0,0,0,0,0,0,0,0,0,0,0,0,0,0,0,0,0,0,0,0,0,0,0,0,0,0,0,0,0,0,0,0,0,0,0,0,0,0,0,0,0,0,0,0,0,0,0,2800,1790351.912,0,0,0,0,0,0,300,239713.6452,0,0,0,0,0,0,0,0,0,0,0,0,0,0,0,0,0,0,0,0,0,0,0,0,0,0,0,0,0,0,0,0,0,0,0,0,0,0,0,0,0,0,0,0,0,0,0,0,0,0,0,0,0,0,0,0,0,0,0,0,0,0,0,0,0,0,0,0,0,0,0,0,0,0,0,0,0,0,0,0,0,0,0,0,0,0,0,0,0,0,0,0,0,0,0,0,0,0,0,0,0,0,0,0,0,0,0,0,0,0,0,0,0,0,0,0,0,0,0,0,0,0,0,0,0,0,0,0,0,0,0,0,0,0,0,0,0,0,0,0,0,0,0,0,2800,761643.3548,0,0,0,0,0,0,0,0,0,0,0,0,0,0,0,0,0,0,0,0,0,0,0,0,0,0,0,0,0,0,0,0,0,0,0,0,0,0,0,0,0,0,0,0,0,0,0,0,0,0,0,0,0,0,0,0,0,0,0,0,0,0,0,0,0,0,0,0,0,0,0,0,0,0,0,0,0,0,0,0,0,0,0,0,0,0,0,0,0,0,0,0,0,0,0,0,0,0,0,0,0,0,0,0,0,0,0,0,0,0,0,0,0,0,0,0,0,0,0,0,0,0,0,0,0,0,0,0,0,0,0,0,0,0,0,0,0,0,0,0,0,0,0,0,0,0,0,0,0,0,0,0,0,0,0,0,0,0,0,0,0,0,0,0,0,0,0,0,0,0,0,0,0,0,0,0,0,0,0,0,0,0,0,0,0,0,0,0,0,0,0,0,0,0,0,0,0,0,0,0,0,0,0,0,0,0,0,0,0,0,0,0,0,0,0,0,3100,2800,0
"Yarmouth, MA",41.64254,-70.223457,0,0,0,0,0,0,0,0,0,0,0,0,0,0,0,0,0,0,0,0,0,0,0,0,0,0,0,0,0,0,0,0,0,0,0,0,0,0,0,0,0,0,0,0,0,0,0,0,0,0,0,0,0,0,0,0,0,0,0,0,0,0,0,0,0,0,0,0,0,0,0,0,0,0,0,0,0,0,0,0,0,0,0,0,0,0,500,474091.7188,30,30405.57692,0,0,70,93705.934,0,0,0,0,0,0,0,0,0,0,0,0,0,0,0,0,0,0,0,0,0,0,0,0,0,0,0,0,0,0,0,0,0,0,0,0,0,0,0,0,0,0,0,0,0,0,0,0,0,0,0,0,0,0,0,0,0,0,0,0,0,0,0,0,0,0,0,0,0,0,0,0,0,0,0,0,0,0,0,0,0,0,0,0,0,0,0,0,0,0,0,0,0,0,0,0,0,0,0,0,0,0,0,0,0,0,0,0,0,0,0,0,0,0,0,0,0,0,0,0,0,0,0,0,0,0,0,0,0,0,0,0,0,0,0,0,0,0,60,20328.3,0,0,0,0,30,15526.3038,0,0,0,0,0,0,0,0,0,0,0,0,0,0,0,0,0,0,0,0,0,0,0,0,0,0,0,0,0,0,0,0,0,0,0,0,0,0,0,0,0,0,0,0,0,0,0,0,0,0,0,0,0,0,0,0,0,0,0,0,0,0,0,0,0,0,0,0,0,0,0,0,0,0,0,0,0,0,0,0,0,0,0,0,0,0,0,0,0,0,0,0,0,0,0,0,0,0,0,0,0,0,0,0,0,0,0,0,0,0,0,0,0,0,0,0,0,0,0,0,0,0,0,0,0,0,0,0,0,0,0,0,0,0,0,0,0,0,0,0,0,0,0,0,0,0,0,0,0,0,0,0,0,0,0,0,0,0,0,0,0,0,0,0,0,0,0,0,0,0,0,0,0,0,0,0,0,0,0,0,0,0,0,0,0,0,0,0,0,0,0,0,0,0,0,0,0,0,600,90,0